FECHA (YYMMDD);HORA (HHMM);Registros validados;Registros preliminares;Registros no validados;
140101;0000;6,91391;;;
140102;0000;7,37885;;;
140103;0000;6,34064;;;
140104;0000;7,50939;;;
140105;0000;7,3153;;;
140106;0000;9,81274;;;
140107;0000;12,0969;;;
140108;0000;9,80107;;;
140109;0000;11,0695;;;
140110;0000;9,35594;;;
140111;0000;9,22746;;;
140112;0000;7,26426;;;
140113;0000;7,83626;;;
140114;0000;11,2292;;;
140115;0000;10,9132;;;
140116;0000;7,07953;;;
140117;0000;4,7396;;;
140118;0000;10,1632;;;
140119;0000;10,1271;;;
140120;0000;8,24615;;;
140121;0000;8,77676;;;
140122;0000;9,16391;;;
140123;0000;7,87537;;;
140124;0000;5,95974;;;
140125;0000;6,98266;;;
140126;0000;6,71842;;;
140127;0000;9,24677;;;
140128;0000;9,06738;;;
140129;0000;5,12502;;;
140130;0000;7,49413;;;
140131;0000;7,90524;;;
140201;0000;9,08336;;;
140202;0000;6,75835;;;
140203;0000;6,37502;;;
140204;0000;6,25835;;;
140205;0000;7,87502;;;
140206;0000;7,80836;;;
140207;0000;7,42085;;;
140208;0000;8,09169;;;
140209;0000;8,17502;;;
140210;0000;5,02085;;;
140211;0000;15,0917;;;
140212;0000;13,125;;;
140213;0000;10,9709;;;
140214;0000;9,98753;;;
140215;0000;10,95;;;
140216;0000;9,35419;;;
140217;0000;8,62918;;;
140218;0000;10,8792;;;
140219;0000;8,40419;;;
140220;0000;7,90002;;;
140221;0000;7,63752;;;
140222;0000;7,7542;;;
140223;0000;8,55836;;;
140224;0000;8,63753;;;
140225;0000;10,2709;;;
140226;0000;12,975;;;
140227;0000;13,9542;;;
140228;0000;13,0042;;;
140301;0000;13,225;;;
140302;0000;11,8709;;;
140303;0000;10,8209;;;
140304;0000;15,9167;;;
140305;0000;14,85;;;
140306;0000;17,0292;;;
140307;0000;16,2625;;;
140308;0000;18,2251;;;
140309;0000;15,8174;;;
140310;0000;13,2625;;;
140311;0000;13,1167;;;
140312;0000;16,9709;;;
140313;0000;15,0417;;;
140314;0000;15,3542;;;
140315;0000;12,1959;;;
140316;0000;11,2542;;;
140317;0000;9,15221;;;
140318;0000;12,1417;;;
140319;0000;12,6042;;;
140320;0000;17,2209;;;
140321;0000;15,4875;;;
140322;0000;12,85;;;
140323;0000;19,1959;;;
140324;0000;12,8392;;;
140325;0000;10,9917;;;
140326;0000;6,70419;;;
140327;0000;5,05418;;;
140328;0000;10,5334;;;
140329;0000;11,6542;;;
140330;0000;13,2792;;;
140331;0000;18,35;;;
140401;0000;8,91055;;;
140402;0000;9,26193;;;
140403;0000;6,33752;;;
140404;0000;6,15835;;;
140405;0000;6,06668;;;
140406;0000;5,59585;;;
140407;0000;4,08751;;;
140408;0000;7,26524;;;
140409;0000;7,54169;;;
140410;0000;8,9417;;;
140411;0000;13,1667;;;
140412;0000;5,85835;;;
140413;0000;6,61668;;;
140414;0000;5,49168;;;
140415;0000;12,5875;;;
140416;0000;10,2167;;;
140417;0000;11,0959;;;
140418;0000;15,8;;;
140419;0000;10,4042;;;
140420;0000;6,63335;;;
140421;0000;4,92918;;;
140422;0000;6,85835;;;
140423;0000;6,19585;;;
140424;0000;5,55002;;;
140425;0000;4,92085;;;
140426;0000;10,0875;;;
140427;0000;15,0792;;;
140428;0000;12,2542;;;
140429;0000;8,77394;;;
140430;0000;11,9542;;;
140501;0000;14,1292;;;
140502;0000;8,27086;;;
140503;0000;11,175;;;
140504;0000;17,4042;;;
140505;0000;14,2334;;;
140506;0000;13,8042;;;
140507;0000;10,7875;;;
140508;0000;6,47919;;;
140509;0000;12,6334;;;
140510;0000;15,3875;;;
140511;0000;12,0459;;;
140512;0000;17,987;;;
140513;0000;15,8584;;;
140514;0000;23,0917;;;
140515;0000;8,93335;;;
140516;0000;12,4084;;;
140517;0000;15,125;;;
140518;0000;12,4667;;;
140519;0000;11,0709;;;
140520;0000;10,3218;;;
140521;0000;13,2209;;;
140522;0000;10,1417;;;
140523;0000;10,1209;;;
140524;0000;10,425;;;
140525;0000;16,9959;;;
140526;0000;16,0542;;;
140527;0000;15,7609;;;
140528;0000;7,95419;;;
140529;0000;11,5625;;;
140530;0000;10,2417;;;
140531;0000;8,36668;;;
140601;0000;12,5667;;;
140602;0000;6,90002;;;
140603;0000;10,6783;;;
140604;0000;16,6959;;;
140605;0000;8,47086;;;
140606;0000;11,4292;;;
140607;0000;9,33752;;;
140608;0000;7,02918;;;
140609;0000;11,6834;;;
140610;0000;16,787;;;
140611;0000;10,9209;;;
140612;0000;15,1875;;;
140613;0000;13,0042;;;
140614;0000;9,07503;;;
140615;0000;14,9542;;;
140616;0000;17,9167;;;
140617;0000;16,1348;;;
140618;0000;15,5959;;;
140619;0000;19,7417;;;
140620;0000;12,4959;;;
140621;0000;5,50002;;;
140622;0000;5,35001;;;
140623;0000;13,6375;;;
140624;0000;17,1417;;;
140625;0000;15,8667;;;
140626;0000;15,8542;;;
140627;0000;16,075;;;
140628;0000;15,2084;;;
140629;0000;17,3917;;;
140630;0000;10,25;;;
140701;0000;16,6709;;;
140702;0000;18,0292;;;
140703;0000;12,6913;;;
140704;0000;16,8042;;;
140705;0000;11,85;;;
140706;0000;18,1334;;;
140707;0000;19,2126;;;
140708;0000;19,8542;;;
140709;0000;19,8566;;;
140710;0000;6,91581;;;
140711;0000;;;;
140712;0000;;;;
140713;0000;12,0917;;;
140714;0000;6,15835;;;
140715;0000;10,3292;;;
140716;0000;12,2875;;;
140717;0000;11,2209;;;
140718;0000;9,22086;;;
140719;0000;10,3084;;;
140720;0000;16,0251;;;
140721;0000;16,9435;;;
140722;0000;20,3417;;;
140723;0000;23,3584;;;
140724;0000;22,1251;;;
140725;0000;19,6667;;;
140726;0000;19,7261;;;
140727;0000;11,5834;;;
140728;0000;12,65;;;
140729;0000;11,8125;;;
140730;0000;10,3584;;;
140731;0000;13,525;;;
140801;0000;10,1375;;;
140802;0000;18,6542;;;
140803;0000;22,4042;;;
140804;0000;20,9626;;;
140805;0000;8,86252;;;
140806;0000;16,3417;;;
140807;0000;14,7375;;;
140808;0000;15,6334;;;
140809;0000;18,4584;;;
140810;0000;19,9292;;;
140811;0000;17,1959;;;
140812;0000;18,3522;;;
140813;0000;17,5834;;;
140814;0000;15,5;;;
140815;0000;13,0125;;;
140816;0000;12,3167;;;
140817;0000;14,7084;;;
140818;0000;16,4392;;;
140819;0000;15,2876;;;
140820;0000;14,875;;;
140821;0000;14,9126;;;
140822;0000;11,0875;;;
140823;0000;9,03336;;;
140824;0000;13,1542;;;
140825;0000;14,174;;;
140826;0000;13,75;;;
140827;0000;13,4875;;;
140828;0000;15,3792;;;
140829;0000;12,4667;;;
140830;0000;12,0875;;;
140831;0000;20,6584;;;
140901;0000;5,46958;;;
140902;0000;7,67502;;;
140903;0000;8,6682;;;
140904;0000;14,5292;;;
140905;0000;7,00002;;;
140906;0000;14,775;;;
140907;0000;15,6875;;;
140908;0000;13,825;;;
140909;0000;21,0001;;;
140910;0000;19,2042;;;
140911;0000;19,1125;;;
140912;0000;20,6042;;;
140913;0000;21,1251;;;
140914;0000;21,7876;;;
140915;0000;20,9174;;;
140916;0000;22,2584;;;
140917;0000;21,6792;;;
140918;0000;17,95;;;
140919;0000;15,4626;;;
140920;0000;11,3375;;;
140921;0000;20,0042;;;
140922;0000;21,8827;;;
140923;0000;19,1792;;;
140924;0000;23,6376;;;
140925;0000;21,3959;;;
140926;0000;19,2876;;;
140927;0000;19,5834;;;
140928;0000;18,1167;;;
140929;0000;17,3542;;;
140930;0000;17,8959;;;
141001;0000;13,1;;;
141002;0000;10,9584;;;
141003;0000;11,1042;;;
141004;0000;18,1709;;;
141005;0000;20,9709;;;
141006;0000;19,6792;;;
141007;0000;19,2834;;;
141008;0000;19,6042;;;
141009;0000;17,9542;;;
141010;0000;19,5751;;;
141011;0000;20,5959;;;
141012;0000;22,4376;;;
141013;0000;23,2827;;;
141014;0000;17,9875;;;
141015;0000;13,9834;;;
141016;0000;19,3875;;;
141017;0000;14,4459;;;
141018;0000;14,9375;;;
141019;0000;13,4125;;;
141020;0000;13,4125;;;
141021;0000;21,5292;;;
141022;0000;20,1459;;;
141023;0000;20,5667;;;
141024;0000;20,6376;;;
141025;0000;21,7584;;;
141026;0000;23,7126;;;
141027;0000;19,9044;;;
141028;0000;20,7459;;;
141029;0000;21,6209;;;
141030;0000;20,3751;;;
141031;0000;19,6709;;;
141101;0000;16,9584;;;
141102;0000;14,45;;;
141103;0000;16,8455;;;
141104;0000;19,1459;;;
141105;0000;22,4417;;;
141106;0000;21,3667;;;
141107;0000;22,6459;;;
141108;0000;18,3875;;;
141109;0000;18,075;;;
141110;0000;21,8479;;;
141111;0000;21,0834;;;
141112;0000;19,6209;;;
141113;0000;18,6334;;;
141114;0000;15,1584;;;
141115;0000;16,6542;;;
141116;0000;15,7167;;;
141117;0000;20,6175;;;
141118;0000;20,7709;;;
141119;0000;19,0435;;;
141120;0000;16,4653;;;
141121;0000;17,1667;;;
141122;0000;17,3751;;;
141123;0000;19,0917;;;
141124;0000;19,1914;;;
141125;0000;21,5376;;;
141126;0000;19,9959;;;
141127;0000;19,1375;;;
141128;0000;17,4334;;;
141129;0000;18,3334;;;
141130;0000;16,4001;;;
141201;0000;17,9044;;;
141202;0000;21,4167;;;
141203;0000;18,8251;;;
141204;0000;15,4709;;;
141205;0000;16,9917;;;
141206;0000;17,7792;;;
141207;0000;20,0959;;;
141208;0000;21,7709;;;
141209;0000;18,3042;;;
141210;0000;14,1087;;;
141211;0000;12,0292;;;
141212;0000;11,5042;;;
141213;0000;12,6625;;;
141214;0000;11,0917;;;
141215;0000;12,5392;;;
141216;0000;14,2875;;;
141217;0000;14,1667;;;
141218;0000;9,7542;;;
141219;0000;14,775;;;
141220;0000;11,0959;;;
141221;0000;11,9542;;;
141222;0000;12,1375;;;
141223;0000;11,1875;;;
141224;0000;12,2957;;;
141225;0000;13,6417;;;
141226;0000;9,75836;;;
141227;0000;6,24168;;;
141228;0000;8,46252;;;
141229;0000;10,6566;;;
141230;0000;12,8334;;;
141231;0000;12,4459;;;
150101;0000;10,075;;;
150102;0000;11,7125;;;
150103;0000;10,6084;;;
150104;0000;10,5417;;;
150105;0000;14,9959;;;
150106;0000;15,0334;;;
150107;0000;16,1959;;;
150108;0000;13,1292;;;
150109;0000;15,0709;;;
150110;0000;14,875;;;
150111;0000;13,5042;;;
150112;0000;13,9218;;;
150113;0000;12,3;;;
150114;0000;13,9792;;;
150115;0000;10,9167;;;
150116;0000;8,91669;;;
150117;0000;9,02086;;;
150118;0000;7,21252;;;
150119;0000;9,42503;;;
150120;0000;14,3667;;;
150121;0000;15,2696;;;
150122;0000;15,4584;;;
150123;0000;11,4625;;;
150124;0000;15,7417;;;
150125;0000;15,6417;;;
150126;0000;14,0792;;;
150127;0000;15,7522;;;
150128;0000;12,2834;;;
150129;0000;11,0209;;;
150130;0000;11,8334;;;
150131;0000;14,1375;;;
150201;0000;14,4931;;;
150202;0000;11,3971;;;
150203;0000;7,99273;;;
150204;0000;8,37885;;;
150205;0000;7,9021;;;
150206;0000;10,0799;;;
150207;0000;10,2965;;;
150208;0000;9,17572;;;
150209;0000;9,4848;;;
150210;0000;9,04482;;;
150211;0000;12,2934;;;
150212;0000;9,93024;;;
150213;0000;10,9854;;;
150214;0000;6,2955;;;
150215;0000;8,86252;;;
150216;0000;12,8913;;;
150217;0000;10,5601;;;
150218;0000;9,29724;;;
150219;0000;8,09828;;;
150220;0000;8,34863;;;
150221;0000;7,32537;;;
150222;0000;10,8993;;;
150223;0000;12,8286;;;
150224;0000;11,7153;;;
150225;0000;11,5316;;;
150226;0000;12,5758;;;
150227;0000;10,8594;;;
150228;0000;10,5042;;;
150301;0000;10,0417;;;
150302;0000;11,4625;;;
150303;0000;12,0826;;;
150304;0000;11,5667;;;
150305;0000;15,6459;;;
150306;0000;11,525;;;
150307;0000;13,225;;;
150308;0000;13,9459;;;
150309;0000;8,85219;;;
150310;0000;12,9125;;;
150311;0000;11,7667;;;
150312;0000;10,7959;;;
150313;0000;15,4417;;;
150314;0000;12,7875;;;
150315;0000;10,5042;;;
150316;0000;8,98752;;;
150317;0000;12,9609;;;
150318;0000;13,4584;;;
150319;0000;12,5459;;;
150320;0000;12,9042;;;
150321;0000;8,72086;;;
150322;0000;7,66669;;;
150323;0000;5,92175;;;
150324;0000;6,20002;;;
150325;0000;6,84168;;;
150326;0000;5,85418;;;
150327;0000;8,3167;;;
150328;0000;8,92918;;;
150329;0000;15,3334;;;
150330;0000;13,6875;;;
150331;0000;12,5696;;;
150401;0000;15,6709;;;
150402;0000;16,6917;;;
150403;0000;16,5167;;;
150404;0000;13,4125;;;
150405;0000;9,85419;;;
150406;0000;7,04764;;;
150407;0000;6,47501;;;
150408;0000;6,80418;;;
150409;0000;17,2501;;;
150410;0000;16,8667;;;
150411;0000;7,22086;;;
150412;0000;10,9709;;;
150413;0000;12,987;;;
150414;0000;7,62502;;;
150415;0000;6,72919;;;
150416;0000;5,31668;;;
150417;0000;8,06252;;;
150418;0000;5,12502;;;
150419;0000;16,0042;;;
150420;0000;14,5783;;;
150421;0000;15,2625;;;
150422;0000;13,9667;;;
150423;0000;14,2625;;;
150424;0000;8,21669;;;
150425;0000;14,7459;;;
150426;0000;7,40002;;;
150427;0000;4,1174;;;
150428;0000;9,63753;;;
150429;0000;6,92502;;;
150430;0000;13,5;;;
150501;0000;14,0084;;;
150502;0000;12,2959;;;
150503;0000;15,2125;;;
150504;0000;12,8783;;;
150505;0000;10,6875;;;
150506;0000;5,46668;;;
150507;0000;5,87085;;;
150508;0000;4,15417;;;
150509;0000;1,45417;;;
150510;0000;1,45834;;;
150511;0000;2,97501;;;
150512;0000;5,82919;;;
150513;0000;16,3542;;;
150514;0000;13,4625;;;
150515;0000;12,1084;;;
150516;0000;14,6518;;;
150517;0000;17,6351;;;
150518;0000;7,72726;;;
150519;0000;2,84619;;;
150520;0000;11,0809;;;
150521;0000;25,7577;;;
150522;0000;23,1553;;;
150523;0000;19,3611;;;
150524;0000;20,1709;;;
150525;0000;16,8939;;;
150526;0000;8,79828;;;
150527;0000;2,80105;;;
150528;0000;6,30349;;;
150529;0000;17,7233;;;
150530;0000;13,1657;;;
150531;0000;10,199;;;
150601;0000;10,5603;;;
150602;0000;8,31496;;;
150603;0000;17,6566;;;
150604;0000;6,04654;;;
150605;0000;6,46529;;;
150606;0000;5,78022;;;
150607;0000;14,9615;;;
150608;0000;2,61425;;;
150609;0000;6,82954;;;
150610;0000;14,7768;;;
150611;0000;15,4195;;;
150612;0000;15,7213;;;
150613;0000;19,0028;;;
150614;0000;;;;
150615;0000;21,5237;;;
150616;0000;23,1632;;;
150617;0000;21,3966;;;
150618;0000;14,5776;;;
150619;0000;10,1375;;;
150620;0000;16,7591;;;
150621;0000;22,5511;;;
150622;0000;16,1414;;;
150623;0000;9,56287;;;
150624;0000;8,50385;;;
150625;0000;3,39966;;;
150626;0000;10,9858;;;
150627;0000;17,8122;;;
150628;0000;20,4039;;;
150629;0000;21,7438;;;
150630;0000;16,448;;;
150701;0000;11,2631;;;
150702;0000;7,81911;;;
150703;0000;15,0361;;;
150704;0000;6,5455;;;
150705;0000;8,433;;;
150706;0000;9,98128;;;
150707;0000;10,2441;;;
150708;0000;8,93231;;;
150709;0000;16,4004;;;
150710;0000;15,2191;;;
150711;0000;20,2133;;;
150712;0000;20,3973;;;
150713;0000;21,4917;;;
150714;0000;21,6331;;;
150715;0000;19,819;;;
150716;0000;9,72676;;;
150717;0000;13,0632;;;
150718;0000;15,4764;;;
150719;0000;16,2143;;;
150720;0000;12,6747;;;
150721;0000;15,9654;;;
150722;0000;16,1542;;;
150723;0000;14,6025;;;
150724;0000;9,39134;;;
150725;0000;11,0591;;;
150726;0000;8,02676;;;
150727;0000;11,765;;;
150728;0000;12,8177;;;
150729;0000;7,91353;;;
150730;0000;9,03232;;;
150731;0000;3,99897;;;
150801;0000;8,02641;;;
150802;0000;9,88211;;;
150803;0000;10,3532;;;
150804;0000;1,98716;;;
150805;0000;6,83682;;;
150806;0000;8,07362;;;
150807;0000;9,96216;;;
150808;0000;9,32884;;;
150809;0000;6,16599;;;
150810;0000;9,5403;;;
150811;0000;9,89539;;;
150812;0000;6,35175;;;
150813;0000;3,17535;;;
150814;0000;11,0563;;;
150815;0000;15,4337;;;
150816;0000;20,2959;;;
150817;0000;17,0805;;;
150818;0000;19,399;;;
150819;0000;12,9719;;;
150820;0000;7,93613;;;
150821;0000;3,68404;;;
150822;0000;15,2171;;;
150823;0000;6,73439;;;
150824;0000;6,66356;;;
150825;0000;3,69288;;;
150826;0000;10,9129;;;
150827;0000;8,97502;;;
150828;0000;15,2799;;;
150829;0000;22,2084;;;
150830;0000;;;;
150831;0000;13,7615;;;
150901;0000;7,19893;;;
150902;0000;14,0639;;;
150903;0000;15,4455;;;
150904;0000;12,9733;;;
150905;0000;15,3146;;;
150906;0000;15,7101;;;
150907;0000;15,2306;;;
150908;0000;15,2153;;;
150909;0000;15,0227;;;
150910;0000;16,5383;;;
150911;0000;15,3813;;;
150912;0000;15,8764;;;
150913;0000;19,0105;;;
150914;0000;14,8022;;;
150915;0000;11,4108;;;
150916;0000;16,0634;;;
150917;0000;14,9186;;;
150918;0000;17,9039;;;
150919;0000;14,7401;;;
150920;0000;12,8032;;;
150921;0000;11,3962;;;
150922;0000;8,73138;;;
150923;0000;9,81622;;;
150924;0000;6,86971;;;
150925;0000;13,6671;;;
150926;0000;13,3235;;;
150927;0000;18,8809;;;
150928;0000;14,0389;;;
150929;0000;4,8613;;;
150930;0000;10,6284;;;
151001;0000;12,9725;;;
151002;0000;9,96638;;;
151003;0000;6,05539;;;
151004;0000;8,41415;;;
151005;0000;14,5039;;;
151006;0000;15,0293;;;
151007;0000;14,5952;;;
151008;0000;12,6226;;;
151009;0000;9,80908;;;
151010;0000;9,93274;;;
151011;0000;10,2891;;;
151012;0000;9,86913;;;
151013;0000;13,5038;;;
151014;0000;15,3622;;;
151015;0000;18,0658;;;
151016;0000;13,5993;;;
151017;0000;17,4838;;;
151018;0000;15,4343;;;
151019;0000;15,1515;;;
151020;0000;16,785;;;
151021;0000;15,0824;;;
151022;0000;17,4091;;;
151023;0000;19,3048;;;
151024;0000;13,2707;;;
151025;0000;9,56847;;;
151026;0000;16,3531;;;
151027;0000;15,3209;;;
151028;0000;17,163;;;
151029;0000;18,7726;;;
151030;0000;18,8827;;;
151031;0000;16,5244;;;
151101;0000;14,8492;;;
151102;0000;14,3728;;;
151103;0000;12,5467;;;
151104;0000;12,4704;;;
151105;0000;10,1382;;;
151106;0000;12,9492;;;
151107;0000;12,937;;;
151108;0000;14,1514;;;
151109;0000;11,7392;;;
151110;0000;14,0793;;;
151111;0000;20,4538;;;
151112;0000;17,097;;;
151113;0000;15,5923;;;
151114;0000;14,6582;;;
151115;0000;13,668;;;
151116;0000;9,15916;;;
151117;0000;12,3764;;;
151118;0000;11,7583;;;
151119;0000;11,4549;;;
151120;0000;10,7415;;;
151121;0000;12,2575;;;
151122;0000;12,4929;;;
151123;0000;12,5346;;;
151124;0000;12,2588;;;
151125;0000;7,88429;;;
151126;0000;7,86607;;;
151127;0000;11,0432;;;
151128;0000;9,7878;;;
151129;0000;8,36943;;;
151130;0000;7,61978;;;
151201;0000;5,67207;;;
151202;0000;7,98045;;;
151203;0000;8,75111;;;
151204;0000;9,93123;;;
151205;0000;10,1309;;;
151206;0000;11,1048;;;
151207;0000;8,39601;;;
151208;0000;7,16095;;;
151209;0000;4,74837;;;
151210;0000;7,8278;;;
151211;0000;10,6252;;;
151212;0000;13,6918;;;
151213;0000;8,66922;;;
151214;0000;8,32298;;;
151215;0000;9,41183;;;
151216;0000;5,42728;;;
151217;0000;4,57376;;;
151218;0000;4,44763;;;
151219;0000;3,45589;;;
151220;0000;1,75475;;;
151221;0000;5,37913;;;
151222;0000;6,69531;;;
151223;0000;5,86769;;;
151224;0000;6,72839;;;
151225;0000;7,16383;;;
151226;0000;3,81232;;;
151227;0000;2,46317;;;
151228;0000;5,79438;;;
151229;0000;6,22084;;;
151230;0000;4,32606;;;
151231;0000;3,56383;;;
160101;0000;4,19851;;;
160102;0000;6,16775;;;
160103;0000;6,54474;;;
160104;0000;4,33979;;;
160105;0000;4,41073;;;
160106;0000;6,25511;;;
160107;0000;5,59154;;;
160108;0000;5,50362;;;
160109;0000;5,6051;;;
160110;0000;5,69318;;;
160111;0000;5,77197;;;
160112;0000;5,05947;;;
160113;0000;5,11143;;;
160114;0000;6,60211;;;
160115;0000;5,51835;;;
160116;0000;9,63197;;;
160117;0000;10,0296;;;
160118;0000;9,17316;;;
160119;0000;8,04305;;;
160120;0000;9,5802;;;
160121;0000;10,1997;;;
160122;0000;8,57924;;;
160123;0000;6,60774;;;
160124;0000;12,8189;;;
160125;0000;10,9338;;;
160126;0000;8,34703;;;
160127;0000;6,26054;;;
160128;0000;9,6507;;;
160129;0000;10,7413;;;
160130;0000;11,019;;;
160131;0000;12,0501;;;
160201;0000;12,2658;;;
160202;0000;13,141;;;
160203;0000;16,8195;;;
160204;0000;14,4065;;;
160205;0000;12,8642;;;
160206;0000;6,79922;;;
160207;0000;9,66194;;;
160208;0000;10,6293;;;
160209;0000;11,3043;;;
160210;0000;11,3847;;;
160211;0000;9,22592;;;
160212;0000;9,99245;;;
160213;0000;9,73212;;;
160214;0000;9,29343;;;
160215;0000;6,77626;;;
160216;0000;10,1386;;;
160217;0000;9,72253;;;
160218;0000;10,6278;;;
160219;0000;11,4427;;;
160220;0000;10,2356;;;
160221;0000;12,6181;;;
160222;0000;13,8635;;;
160223;0000;8,80698;;;
160224;0000;12,1165;;;
160225;0000;11,528;;;
160226;0000;12,2113;;;
160227;0000;12,4435;;;
160228;0000;10,8033;;;
160229;0000;9,44949;;;
160301;0000;7,75478;;;
160302;0000;9,00487;;;
160303;0000;11,5171;;;
160304;0000;15,0571;;;
160305;0000;9,35367;;;
160306;0000;12,2271;;;
160307;0000;12,8596;;;
160308;0000;11,0243;;;
160309;0000;9,27061;;;
160310;0000;11,4356;;;
160311;0000;13,9798;;;
160312;0000;8,80481;;;
160313;0000;12,7082;;;
160314;0000;12,58;;;
160315;0000;12,8024;;;
160316;0000;9,00595;;;
160317;0000;13,4019;;;
160318;0000;14,6716;;;
160319;0000;13,7357;;;
160320;0000;12,6903;;;
160321;0000;16,3945;;;
160322;0000;12,7866;;;
160323;0000;17,3315;;;
160324;0000;17,7433;;;
160325;0000;13,0605;;;
160326;0000;13,8736;;;
160327;0000;15,9921;;;
160328;0000;17,2313;;;
160329;0000;13,4788;;;
160330;0000;17,7928;;;
160331;0000;19,0028;;;
160401;0000;11,0212;;;
160402;0000;16,5743;;;
160403;0000;16,9419;;;
160404;0000;15,7453;;;
160405;0000;18,6557;;;
160406;0000;19,5582;;;
160407;0000;19,7627;;;
160408;0000;18,1796;;;
160409;0000;14,0523;;;
160410;0000;13,8794;;;
160411;0000;13,1072;;;
160412;0000;13,1574;;;
160413;0000;16,3631;;;
160414;0000;11,9265;;;
160415;0000;18,3221;;;
160416;0000;18,5253;;;
160417;0000;17,1121;;;
160418;0000;13,3228;;;
160419;0000;14,7966;;;
160420;0000;10,8966;;;
160421;0000;16,9027;;;
160422;0000;8,46812;;;
160423;0000;7,96793;;;
160424;0000;13,4072;;;
160425;0000;9,88248;;;
160426;0000;8,70467;;;
160427;0000;8,45003;;;
160428;0000;10,9949;;;
160429;0000;9,21132;;;
160430;0000;8,83388;;;
160501;0000;14,5637;;;
160502;0000;12,4815;;;
160503;0000;11,9348;;;
160504;0000;11,1935;;;
160505;0000;11,4106;;;
160506;0000;9,13873;;;
160507;0000;6,36214;;;
160508;0000;6,90019;;;
160509;0000;7,6321;;;
160510;0000;12,9059;;;
160511;0000;11,651;;;
160512;0000;10,6848;;;
160513;0000;11,3525;;;
160514;0000;11,484;;;
160515;0000;16,2436;;;
160516;0000;14,6865;;;
160517;0000;19,6584;;;
160518;0000;13,4389;;;
160519;0000;25,2493;;;
160520;0000;31,6397;;;
160521;0000;28,2622;;;
160522;0000;25,732;;;
160523;0000;23,3473;;;
160524;0000;20,9799;;;
160525;0000;16;;;
160526;0000;;;;
160527;0000;19,2647;;;
160528;0000;31,3584;;;
160529;0000;20,616;;;
160530;0000;18,3414;;;
160531;0000;12,9674;;;
160601;0000;23,8858;;;
160602;0000;22,1233;;;
160603;0000;19,6815;;;
160604;0000;18,0355;;;
160605;0000;21,9868;;;
160606;0000;27,7702;;;
160607;0000;26,4744;;;
160608;0000;19,8511;;;
160609;0000;28,8181;;;
160610;0000;19,1515;;;
160611;0000;9,67426;;;
160612;0000;7,49123;;;
160613;0000;12,4668;;;
160614;0000;14,5348;;;
160615;0000;13,1734;;;
160616;0000;18,5182;;;
160617;0000;17,2308;;;
160618;0000;14,9421;;;
160619;0000;10,2442;;;
160620;0000;8,77156;;;
160621;0000;11,478;;;
160622;0000;8,79964;;;
160623;0000;17,666;;;
160624;0000;21,3419;;;
160625;0000;21,2349;;;
160626;0000;19,0577;;;
160627;0000;10,043;;;
160628;0000;9,79572;;;
160629;0000;24,9519;;;
160630;0000;20,4339;;;
160701;0000;14,778;;;
160702;0000;9,30754;;;
160703;0000;12,9467;;;
160704;0000;22,3749;;;
160705;0000;22,6337;;;
160706;0000;19,4021;;;
160707;0000;17,3463;;;
160708;0000;18,4122;;;
160709;0000;19,3368;;;
160710;0000;8,02017;;;
160711;0000;4,22017;;;
160712;0000;14,7648;;;
160713;0000;13,2299;;;
160714;0000;16,9651;;;
160715;0000;17,4392;;;
160716;0000;16,8379;;;
160717;0000;14,6291;;;
160718;0000;14,5976;;;
160719;0000;13,9844;;;
160720;0000;14,8456;;;
160721;0000;21,97;;;
160722;0000;17,3145;;;
160723;0000;20,5647;;;
160724;0000;14,4492;;;
160725;0000;13,5768;;;
160726;0000;13,7212;;;
160727;0000;8,89507;;;
160728;0000;8,65491;;;
160729;0000;12,4306;;;
160730;0000;10,1429;;;
160731;0000;9,35237;;;
160801;0000;11,2467;;;
160802;0000;9,78261;;;
160803;0000;9,77853;;;
160804;0000;17,3293;;;
160805;0000;18,8172;;;
160806;0000;17,6553;;;
160807;0000;18,9743;;;
160808;0000;21,5692;;;
160809;0000;18,7304;;;
160810;0000;15,1595;;;
160811;0000;19,0877;;;
160812;0000;21,8651;;;
160813;0000;23,5835;;;
160814;0000;14,6832;;;
160815;0000;11,5643;;;
160816;0000;6,04058;;;
160817;0000;10,6995;;;
160818;0000;15,742;;;
160819;0000;11,4832;;;
160820;0000;15,2707;;;
160821;0000;26,6301;;;
160822;0000;19,1079;;;
160823;0000;20,3215;;;
160824;0000;13,9771;;;
160825;0000;9,274;;;
160826;0000;17,3739;;;
160827;0000;17,3939;;;
160828;0000;12,99;;;
160829;0000;19,0052;;;
160830;0000;23,7023;;;
160831;0000;23,9235;;;
160901;0000;21,7772;;;
160902;0000;12,6156;;;
160903;0000;11,5894;;;
160904;0000;11,3953;;;
160905;0000;12,2679;;;
160906;0000;15,7177;;;
160907;0000;17,3371;;;
160908;0000;19,9941;;;
160909;0000;13,7009;;;
160910;0000;17,1939;;;
160911;0000;10,0212;;;
160912;0000;12,0794;;;
160913;0000;20,0329;;;
160914;0000;21,1578;;;
160915;0000;18,2817;;;
160916;0000;17,6968;;;
160917;0000;14,091;;;
160918;0000;12,9195;;;
160919;0000;17,0861;;;
160920;0000;22,3447;;;
160921;0000;20,0638;;;
160922;0000;20,86;;;
160923;0000;15,926;;;
160924;0000;15,9932;;;
160925;0000;15,5173;;;
160926;0000;19,5174;;;
160927;0000;14,4376;;;
160928;0000;14,455;;;
160929;0000;17,0934;;;
160930;0000;16,5459;;;
161001;0000;17,7497;;;
161002;0000;11,9676;;;
161003;0000;10,147;;;
161004;0000;18,7146;;;
161005;0000;16,4916;;;
161006;0000;19,5592;;;
161007;0000;18,2768;;;
161008;0000;18,1761;;;
161009;0000;22,87;;;
161010;0000;23,3512;;;
161011;0000;22,1123;;;
161012;0000;22,5859;;;
161013;0000;24,2638;;;
161014;0000;20,8636;;;
161015;0000;14,45;;;
161016;0000;14,1518;;;
161017;0000;18,169;;;
161018;0000;14,4997;;;
161019;0000;12,7525;;;
161020;0000;17,4979;;;
161021;0000;14,6623;;;
161022;0000;12,8872;;;
161023;0000;11,6714;;;
161024;0000;13,4622;;;
161025;0000;19,4291;;;
161026;0000;18,9595;;;
161027;0000;16,3784;;;
161028;0000;17,0227;;;
161029;0000;21,387;;;
161030;0000;21,7744;;;
161031;0000;20,0596;;;
161101;0000;19,896;;;
161102;0000;20,468;;;
161103;0000;20,023;;;
161104;0000;12,641;;;
161105;0000;19,146;;;
161106;0000;19,7035;;;
161107;0000;16,2381;;;
161108;0000;14,9741;;;
161109;0000;17,6921;;;
161110;0000;18,0633;;;
161111;0000;16,5647;;;
161112;0000;14,946;;;
161113;0000;18,2699;;;
161114;0000;17,4875;;;
161115;0000;16,3563;;;
161116;0000;16,2995;;;
161117;0000;15,4914;;;
161118;0000;15,0665;;;
161119;0000;11,3276;;;
161120;0000;8,87033;;;
161121;0000;10,5181;;;
161122;0000;10,7052;;;
161123;0000;13,5441;;;
161124;0000;14,1685;;;
161125;0000;13,9737;;;
161126;0000;16,9217;;;
161127;0000;15,2844;;;
161128;0000;14,2245;;;
161129;0000;12,0099;;;
161130;0000;14,7561;;;
161201;0000;17,6522;;;
161202;0000;16,1912;;;
161203;0000;10,9494;;;
161204;0000;8,55473;;;
161205;0000;12,3832;;;
161206;0000;13,495;;;
161207;0000;12,1135;;;
161208;0000;13,8817;;;
161209;0000;16,8581;;;
161210;0000;15,1092;;;
161211;0000;11,1606;;;
161212;0000;12,6363;;;
161213;0000;12,9944;;;
161214;0000;12,2906;;;
161215;0000;9,40231;;;
161216;0000;11,9349;;;
161217;0000;14,1277;;;
161218;0000;16,726;;;
161219;0000;14,7514;;;
161220;0000;15,8982;;;
161221;0000;15,9016;;;
161222;0000;15,7946;;;
161223;0000;12,7675;;;
161224;0000;14,7185;;;
161225;0000;13,8973;;;
161226;0000;14,6752;;;
161227;0000;14,1573;;;
161228;0000;11,0497;;;
161229;0000;12,1276;;;
161230;0000;12,3434;;;
161231;0000;14,9287;;;
170101;0000;13,3937;;;
170102;0000;14,9175;;;
170103;0000;14,7329;;;
170104;0000;14,6826;;;
170105;0000;13,8787;;;
170106;0000;10,7793;;;
170107;0000;13,0847;;;
170108;0000;13,3854;;;
170109;0000;12,1861;;;
170110;0000;12,9288;;;
170111;0000;11,8073;;;
170112;0000;10,479;;;
170113;0000;12,6768;;;
170114;0000;11,8682;;;
170115;0000;14,4;;;
170116;0000;12,2567;;;
170117;0000;15,0368;;;
170118;0000;12,2951;;;
170119;0000;10,4868;;;
170120;0000;13,1207;;;
170121;0000;14,3466;;;
170122;0000;12,1098;;;
170123;0000;13,0503;;;
170124;0000;15,3519;;;
170125;0000;10,9462;;;
170126;0000;9,40608;;;
170127;0000;15,2997;;;
170128;0000;15,142;;;
170129;0000;14,3509;;;
170130;0000;14,2331;;;
170131;0000;12,5101;;;
170201;0000;12,401;;;
170202;0000;11,9677;;;
170203;0000;11,7625;;;
170204;0000;9,39145;;;
170205;0000;10,5297;;;
170206;0000;14,1975;;;
170207;0000;13,3857;;;
170208;0000;13,057;;;
170209;0000;13,1314;;;
170210;0000;11,7788;;;
170211;0000;12,8542;;;
170212;0000;14,5531;;;
170213;0000;10,4397;;;
170214;0000;7,18256;;;
170215;0000;7,15084;;;
170216;0000;12,1475;;;
170217;0000;17,9437;;;
170218;0000;17,7208;;;
170219;0000;15,2339;;;
170220;0000;17,4716;;;
170221;0000;10,9024;;;
170222;0000;12,5999;;;
170223;0000;9,10062;;;
170224;0000;14,2391;;;
170225;0000;14,8633;;;
170226;0000;19,4284;;;
170227;0000;18,9393;;;
170228;0000;19,7574;;;
170301;0000;20,9146;;;
170302;0000;18,6981;;;
170303;0000;16,6322;;;
170304;0000;15,8509;;;
170305;0000;16,17;;;
170306;0000;13,2718;;;
170307;0000;9,95006;;;
170308;0000;13,5427;;;
170309;0000;17,7328;;;
170310;0000;17,3233;;;
170311;0000;19,1325;;;
170312;0000;18,2745;;;
170313;0000;19,0902;;;
170314;0000;21,6942;;;
170315;0000;20,4008;;;
170316;0000;10,0294;;;
170317;0000;10,3775;;;
170318;0000;7,32612;;;
170319;0000;16,0427;;;
170320;0000;13,6552;;;
170321;0000;13,6263;;;
170322;0000;10,6453;;;
170323;0000;13,8047;;;
170324;0000;11,0296;;;
170325;0000;7,62946;;;
170326;0000;3,55235;;;
170327;0000;5,66154;;;
170328;0000;4,16489;;;
170329;0000;3,69989;;;
170330;0000;;;;
170331;0000;8,89847;;;
170401;0000;10,5198;;;
170402;0000;7,61359;;;
170403;0000;16,0308;;;
170404;0000;15,2942;;;
170405;0000;13,6215;;;
170406;0000;8,16357;;;
170407;0000;8,06468;;;
170408;0000;6,39907;;;
170409;0000;9,88425;;;
170410;0000;14,0444;;;
170411;0000;10,1906;;;
170412;0000;6,64914;;;
170413;0000;6,59214;;;
170414;0000;5,42061;;;
170415;0000;6,16052;;;
170416;0000;5,91502;;;
170417;0000;4,8336;;;
170418;0000;8,7381;;;
170419;0000;16,2365;;;
170420;0000;16,8831;;;
170421;0000;17,1982;;;
170422;0000;15,2461;;;
170423;0000;14,1701;;;
170424;0000;9,52133;;;
170425;0000;14,773;;;
170426;0000;15,4636;;;
170427;0000;14,8876;;;
170428;0000;19,0608;;;
170429;0000;14,9818;;;
170430;0000;17,0247;;;
170501;0000;15;;;
170502;0000;19;;;
170503;0000;13;;;
170504;0000;17;;;
170505;0000;4;;;
170506;0000;5;;;
170507;0000;7;;;
170508;0000;10;;;
170509;0000;5;;;
170510;0000;4;;;
170511;0000;2;;;
170512;0000;2;;;
170513;0000;2;;;
170514;0000;15;;;
170515;0000;11;;;
170516;0000;4;;;
170517;0000;8;;;
170518;0000;9;;;
170519;0000;11;;;
170520;0000;12;;;
170521;0000;16;;;
170522;0000;14;;;
170523;0000;11;;;
170524;0000;10;;;
170525;0000;12;;;
170526;0000;10;;;
170527;0000;13;;;
170528;0000;7;;;
170529;0000;2;;;
170530;0000;2;;;
170531;0000;5;;;
170601;0000;14;;;
170602;0000;9;;;
170603;0000;15;;;
170604;0000;17;;;
170605;0000;18;;;
170606;0000;18;;;
170607;0000;16;;;
170608;0000;19;;;
170609;0000;20;;;
170610;0000;19;;;
170611;0000;21;;;
170612;0000;19;;;
170613;0000;15;;;
170614;0000;7;;;
170615;0000;12;;;
170616;0000;13;;;
170617;0000;18;;;
170618;0000;20;;;
170619;0000;18;;;
170620;0000;13;;;
170621;0000;7;;;
170622;0000;11;;;
170623;0000;18;;;
170624;0000;14;;;
170625;0000;14;;;
170626;0000;11;;;
170627;0000;12;;;
170628;0000;16;;;
170629;0000;16;;;
170630;0000;11;;;
170701;0000;14;;;
170702;0000;13;;;
170703;0000;13;;;
170704;0000;18;;;
170705;0000;9;;;
170706;0000;21;;;
170707;0000;16;;;
170708;0000;12;;;
170709;0000;23;;;
170710;0000;21;;;
170711;0000;18;;;
170712;0000;11;;;
170713;0000;18;;;
170714;0000;18;;;
170715;0000;14;;;
170716;0000;22;;;
170717;0000;22;;;
170718;0000;22;;;
170719;0000;19;;;
170720;0000;18;;;
170721;0000;11;;;
170722;0000;15;;;
170723;0000;22;;;
170724;0000;18;;;
170725;0000;22;;;
170726;0000;17;;;
170727;0000;21;;;
170728;0000;22;;;
170729;0000;17;;;
170730;0000;12;;;
170731;0000;16;;;
170801;0000;20;;;
170802;0000;22;;;
170803;0000;23;;;
170804;0000;17;;;
170805;0000;11;;;
170806;0000;17;;;
170807;0000;18;;;
170808;0000;8;;;
170809;0000;16;;;
170810;0000;10;;;
170811;0000;14;;;
170812;0000;20;;;
170813;0000;20;;;
170814;0000;25;;;
170815;0000;25;;;
170816;0000;23;;;
170817;0000;14;;;
170818;0000;21;;;
170819;0000;22;;;
170820;0000;24;;;
170821;0000;18;;;
170822;0000;22;;;
170823;0000;17;;;
170824;0000;22;;;
170825;0000;20;;;
170826;0000;15;;;
170827;0000;12;;;
170828;0000;11;;;
170829;0000;20;;;
170830;0000;;;;
170831;0000;;;;
170901;0000;;;;
170902;0000;;;;
170903;0000;;;;
170904;0000;;;;
170905;0000;;;;
170906;0000;;;;
170907;0000;;;;
170908;0000;;;;
170909;0000;;16;;
170910;0000;;;;
170911;0000;;;;
170912;0000;;22;;
170913;0000;;20;;
170914;0000;;20;;
170915;0000;;19;;
170916;0000;14;;;
170917;0000;15;;;
170918;0000;13;;;
170919;0000;14;;;
170920;0000;16;;;
170921;0000;15;;;
170922;0000;14;;;
170923;0000;14;;;
170924;0000;18;;;
170925;0000;13;;;
170926;0000;10;;;
170927;0000;10;;;
170928;0000;8;;;
170929;0000;8;;;
170930;0000;8;;;
171001;0000;12;;;
171002;0000;12;;;
171003;0000;9;;;
171004;0000;11;;;
171005;0000;12;;;
171006;0000;14;;;
171007;0000;15;;;
171008;0000;14;;;
171009;0000;16;;;
171010;0000;11;;;
171011;0000;10;;;
171012;0000;11;;;
171013;0000;14;;;
171014;0000;16;;;
171015;0000;18;;;
171016;0000;13;;;
171017;0000;14;;;
171018;0000;13;;;
171019;0000;14;;;
171020;0000;13;;;
171021;0000;13;;;
171022;0000;13;;;
171023;0000;14;;;
171024;0000;14;;;
171025;0000;13;;;
171026;0000;11;;;
171027;0000;11;;;
171028;0000;14;;;
171029;0000;12;;;
171030;0000;11;;;
171031;0000;6;;;
171101;0000;9;;;
171102;0000;12;;;
171103;0000;11;;;
171104;0000;11;;;
171105;0000;9;;;
171106;0000;9;;;
171107;0000;10;;;
171108;0000;11;;;
171109;0000;11;;;
171110;0000;14;;;
171111;0000;14;;;
171112;0000;17;;;
171113;0000;15;;;
171114;0000;13;;;
171115;0000;12;;;
171116;0000;14;;;
171117;0000;14;;;
171118;0000;15;;;
171119;0000;16;;;
171120;0000;14;;;
171121;0000;14;;;
171122;0000;15;;;
171123;0000;15;;;
171124;0000;14;;;
171125;0000;11;;;
171126;0000;14;;;
171127;0000;15;;;
171128;0000;15;;;
171129;0000;14;;;
171130;0000;13;;;
171201;0000;13;;;
171202;0000;14;;;
171203;0000;15;;;
171204;0000;15;;;
171205;0000;13;;;
171206;0000;13;;;
171207;0000;13;;;
171208;0000;11;;;
171209;0000;12;;;
171210;0000;10;;;
171211;0000;10;;;
171212;0000;12;;;
171213;0000;12;;;
171214;0000;15;;;
171215;0000;13;;;
171216;0000;13;;;
171217;0000;13;;;
171218;0000;12;;;
171219;0000;11;;;
171220;0000;12;;;
171221;0000;11;;;
171222;0000;12;;;
171223;0000;12;;;
171224;0000;11;;;
171225;0000;;;;
171226;0000;14;;;
171227;0000;11;;;
171228;0000;10;;;
171229;0000;12;;;
171230;0000;12;;;
171231;0000;11;;;
180101;0000;;;;
180102;0000;;;;
180103;0000;;;;
180104;0000;;;;
180105;0000;;;;
180106;0000;;;;
180107;0000;;;;
180108;0000;;;;
180109;0000;;;;
180110;0000;;;;
180111;0000;;;;
180112;0000;;;;
180113;0000;;;;
180114;0000;;;;
180115;0000;;;;
180116;0000;;;;
180117;0000;;;;
180118;0000;;;;
180119;0000;;;;
180120;0000;;;;
180121;0000;;;;
180122;0000;;;;
180123;0000;;;;
180124;0000;;;;
180125;0000;;;;
180126;0000;;;;
180127;0000;;;;
180128;0000;;;;
180129;0000;;;;
180130;0000;;;;
180131;0000;;;;
180201;0000;;;;
180202;0000;;;;
180203;0000;;;;
180204;0000;;;;
180205;0000;;;;
180206;0000;;;;
180207;0000;;;;
180208;0000;;;;
180209;0000;;;;
180210;0000;;;;
180211;0000;;;;
180212;0000;;;;
180213;0000;;;;
180214;0000;;;;
180215;0000;;;;
180216;0000;;;;
180217;0000;;;;
180218;0000;;;;
180219;0000;;;;
180220;0000;;;;
180221;0000;;;;
180222;0000;;;;
180223;0000;;;;
180224;0000;;;;
180225;0000;;;;
180226;0000;;;;
180227;0000;;;;
180228;0000;;;;
180301;0000;;;;
180302;0000;;;;
180303;0000;;;;
180304;0000;;;;
180305;0000;;;;
180306;0000;;;;
180307;0000;;;;
180308;0000;;;;
180309;0000;;;;
180310;0000;;;;
180311;0000;;;;
180312;0000;;;;
180313;0000;;;;
180314;0000;;;;
180315;0000;;;;
180316;0000;;;;
180317;0000;;;;
180318;0000;;;;
180319;0000;;;;
180320;0000;;;;
180321;0000;;;;
180322;0000;;;;
180323;0000;;;;
180324;0000;;;;
180325;0000;;;;
180326;0000;8;;;
180327;0000;9;;;
180328;0000;10;;;
180329;0000;;;;
180330;0000;11;;;
180331;0000;9;;;
180401;0000;8;;;
180402;0000;6;;;
180403;0000;6;;;
180404;0000;9;;;
180405;0000;11;;;
180406;0000;10;;;
180407;0000;6;;;
180408;0000;8;;;
180409;0000;6;;;
180410;0000;11;;;
180411;0000;10;;;
180412;0000;11;;;
180413;0000;7;;;
180414;0000;8;;;
180415;0000;8;;;
180416;0000;11;;;
180417;0000;14;;;
180418;0000;11;;;
180419;0000;11;;;
180420;0000;14;;;
180421;0000;13;;;
180422;0000;14;;;
180423;0000;13;;;
180424;0000;11;;;
180425;0000;4;;;
180426;0000;10;;;
180427;0000;11;;;
180428;0000;12;;;
180429;0000;12;;;
180430;0000;6;;;
180501;0000;6;;;
180502;0000;6;;;
180503;0000;12;;;
180504;0000;11;;;
180505;0000;4;;;
180506;0000;7;;;
180507;0000;5;;;
180508;0000;9;;;
180509;0000;10;;;
180510;0000;10;;;
180511;0000;15;;;
180512;0000;6;;;
180513;0000;5;;;
180514;0000;3;;;
180515;0000;6;;;
180516;0000;4;;;
180517;0000;3;;;
180518;0000;5;;;
180519;0000;9;;;
180520;0000;13;;;
180521;0000;15;;;
180522;0000;14;;;
180523;0000;10;;;
180524;0000;9;;;
180525;0000;9;;;
180526;0000;16;;;
180527;0000;8;;;
180528;0000;10;;;
180529;0000;11;;;
180530;0000;9;;;
180531;0000;11;;;
180601;0000;8;;;
180602;0000;7;;;
180603;0000;6;;;
180604;0000;5;;;
180605;0000;4;;;
180606;0000;11;;;
180607;0000;5;;;
180608;0000;12;;;
180609;0000;8;;;
180610;0000;6;;;
180611;0000;5;;;
180612;0000;5;;;
180613;0000;3;;;
180614;0000;3;;;
180615;0000;5;;;
180616;0000;7;;;
180617;0000;7;;;
180618;0000;9;;;
180619;0000;15;;;
180620;0000;14;;;
180621;0000;15;;;
180622;0000;14;;;
180623;0000;14;;;
180624;0000;20;;;
180625;0000;16;;;
180626;0000;17;;;
180627;0000;16;;;
180628;0000;17;;;
180629;0000;21;;;
180630;0000;26;;;
180701;0000;30;;;
180702;0000;24;;;
180703;0000;13;;;
180704;0000;12;;;
180705;0000;11;;;
180706;0000;11;;;
180707;0000;11;;;
180708;0000;8;;;
180709;0000;12;;;
180710;0000;11;;;
180711;0000;14;;;
180712;0000;17;;;
180713;0000;15;;;
180714;0000;12;;;
180715;0000;11;;;
180716;0000;9;;;
180717;0000;11;;;
180718;0000;9;;;
180719;0000;12;;;
180720;0000;11;;;
180721;0000;11;;;
180722;0000;12;;;
180723;0000;12;;;
180724;0000;23;;;
180725;0000;12;;;
180726;0000;21;;;
180727;0000;11;;;
180728;0000;;;;
180729;0000;;;;
180730;0000;10;;;
180731;0000;10;;;
180801;0000;11;;;
180802;0000;13;;;
180803;0000;8;;;
180804;0000;11;;;
180805;0000;15;;;
180806;0000;16;;;
180807;0000;16;;;
180808;0000;13;;;
180809;0000;8;;;
180810;0000;13;;;
180811;0000;9;;;
180812;0000;10;;;
180813;0000;16;;;
180814;0000;23;;;
180815;0000;25;;;
180816;0000;23;;;
180817;0000;23;;;
180818;0000;24;;;
180819;0000;24;;;
180820;0000;16;;;
180821;0000;18;;;
180822;0000;15;;;
180823;0000;23;;;
180824;0000;22;;;
180825;0000;20;;;
180826;0000;23;;;
180827;0000;24;;;
180828;0000;22;;;
180829;0000;22;;;
180830;0000;17;;;
180831;0000;11;;;
180901;0000;13;;;
180902;0000;23;;;
180903;0000;16;;;
180904;0000;;;;
180905;0000;12;;;
180906;0000;24;;;
180907;0000;23;;;
180908;0000;22;;;
180909;0000;18;;;
180910;0000;15;;;
180911;0000;24;;;
180912;0000;25;;;
180913;0000;20;;;
180914;0000;20;;;
180915;0000;16;;;
180916;0000;12;;;
180917;0000;19;;;
180918;0000;15;;;
180919;0000;17;;;
180920;0000;14;;;
180921;0000;18;;;
180922;0000;14;;;
180923;0000;17;;;
180924;0000;14;;;
180925;0000;14;;;
180926;0000;13;;;
180927;0000;11;;;
180928;0000;11;;;
180929;0000;17;;;
180930;0000;17;;;
181001;0000;18;;;
181002;0000;19;;;
181003;0000;18;;;
181004;0000;22;;;
181005;0000;24;;;
181006;0000;27;;;
181007;0000;27;;;
181008;0000;26;;;
181009;0000;27;;;
181010;0000;24;;;
181011;0000;22;;;
181012;0000;21;;;
181013;0000;23;;;
181014;0000;23;;;
181015;0000;26;;;
181016;0000;24;;;
181017;0000;19;;;
181018;0000;21;;;
181019;0000;18;;;
181020;0000;18;;;
181021;0000;19;;;
181022;0000;20;;;
181023;0000;19;;;
181024;0000;17;;;
181025;0000;17;;;
181026;0000;16;;;
181027;0000;22;;;
181028;0000;15;;;
181029;0000;17;;;
181030;0000;17;;;
181031;0000;15;;;
181101;0000;14;;;
181102;0000;15;;;
181103;0000;15;;;
181104;0000;18;;;
181105;0000;17;;;
181106;0000;17;;;
181107;0000;15;;;
181108;0000;12;;;
181109;0000;11;;;
181110;0000;9;;;
181111;0000;10;;;
181112;0000;12;;;
181113;0000;;;;
181114;0000;;;;
181115;0000;;;;
181116;0000;;;;
181117;0000;13;;;
181118;0000;15;;;
181119;0000;13;;;
181120;0000;15;;;
181121;0000;13;;;
181122;0000;17;;;
181123;0000;17;;;
181124;0000;18;;;
181125;0000;17;;;
181126;0000;15;;;
181127;0000;13;;;
181128;0000;13;;;
181129;0000;11;;;
181130;0000;12;;;
181201;0000;11;;;
181202;0000;13;;;
181203;0000;11;;;
181204;0000;12;;;
181205;0000;13;;;
181206;0000;15;;;
181207;0000;13;;;
181208;0000;15;;;
181209;0000;18;;;
181210;0000;16;;;
181211;0000;14;;;
181212;0000;13;;;
181213;0000;12;;;
181214;0000;12;;;
181215;0000;14;;;
181216;0000;13;;;
181217;0000;11;;;
181218;0000;10;;;
181219;0000;10;;;
181220;0000;10;;;
181221;0000;11;;;
181222;0000;10;;;
181223;0000;8;;;
181224;0000;7;;;
181225;0000;9;;;
181226;0000;8;;;
181227;0000;10;;;
181228;0000;12;;;
181229;0000;12;;;
181230;0000;14;;;
181231;0000;;12;;
190101;0000;12;;;
190102;0000;10;;;
190103;0000;9;;;
190104;0000;8;;;
190105;0000;9;;;
190106;0000;10;;;
190107;0000;9;;;
190108;0000;9;;;
190109;0000;7;;;
190110;0000;8;;;
190111;0000;8;;;
190112;0000;11;;;
190113;0000;11;;;
190114;0000;14;;;
190115;0000;10;;;
190116;0000;8;;;
190117;0000;9;;;
190118;0000;9;;;
190119;0000;8;;;
190120;0000;10;;;
190121;0000;9;;;
190122;0000;10;;;
190123;0000;9;;;
190124;0000;9;;;
190125;0000;10;;;
190126;0000;8;;;
190127;0000;10;;;
190128;0000;10;;;
190129;0000;10;;;
190130;0000;10;;;
190131;0000;10;;;
190201;0000;9;;;
190202;0000;6;;;
190203;0000;7;;;
190204;0000;7;;;
190205;0000;8;;;
190206;0000;9;;;
190207;0000;8;;;
190208;0000;9;;;
190209;0000;10;;;
190210;0000;8;;;
190211;0000;7;;;
190212;0000;9;;;
190213;0000;9;;;
190214;0000;9;;;
190215;0000;4;;;
190216;0000;6;;;
190217;0000;9;;;
190218;0000;8;;;
190219;0000;10;;;
190220;0000;10;;;
190221;0000;8;;;
190222;0000;8;;;
190223;0000;9;;;
190224;0000;7;;;
190225;0000;6;;;
190226;0000;7;;;
190227;0000;6;;;
190228;0000;7;;;
190301;0000;9;;;
190302;0000;9;;;
190303;0000;10;;;
190304;0000;8;;;
190305;0000;10;;;
190306;0000;11;;;
190307;0000;14;;;
190308;0000;11;;;
190309;0000;11;;;
190310;0000;10;;;
190311;0000;12;;;
190312;0000;9;;;
190313;0000;10;;;
190314;0000;10;;;
190315;0000;10;;;
190316;0000;8;;;
190317;0000;15;;;
190318;0000;13;;;
190319;0000;10;;;
190320;0000;11;;;
190321;0000;8;;;
190322;0000;8;;;
190323;0000;11;;;
190324;0000;10;;;
190325;0000;7;;;
190326;0000;6;;;
190327;0000;8;;;
190328;0000;12;;;
190329;0000;14;;;
190330;0000;14;;;
190331;0000;15;;;
190401;0000;13;;;
190402;0000;16;;;
190403;0000;13;;;
190404;0000;13;;;
190405;0000;14;;;
190406;0000;12;;;
190407;0000;8;;;
190408;0000;6;;;
190409;0000;9;;;
190410;0000;8;;;
190411;0000;10;;;
190412;0000;10;;;
190413;0000;14;;;
190414;0000;15;;;
190415;0000;14;;;
190416;0000;10;;;
190417;0000;14;;;
190418;0000;15;;;
190419;0000;13;;;
190420;0000;11;;;
190421;0000;10;;;
190422;0000;9;;;
190423;0000;9;;;
190424;0000;7;;;
190425;0000;8;;;
190426;0000;7;;;
190427;0000;6;;;
190428;0000;16;;;
190429;0000;18;;;
190430;0000;14;;;
190501;0000;9;;;
190502;0000;12;;;
190503;0000;8;;;
190504;0000;7;;;
190505;0000;12;;;
190506;0000;10;;;
190507;0000;10;;;
190508;0000;5;;;
190509;0000;7;;;
190510;0000;11;;;
190511;0000;14;;;
190512;0000;18;;;
190513;0000;15;;;
190514;0000;7;;;
190515;0000;4;;;
190516;0000;3;;;
190517;0000;13;;;
190518;0000;19;;;
190519;0000;17;;;
190520;0000;14;;;
190521;0000;16;;;
190522;0000;16;;;
190523;0000;14;;;
190524;0000;15;;;
190525;0000;19;;;
190526;0000;15;;;
190527;0000;14;;;
190528;0000;11;;;
190529;0000;7;;;
190530;0000;7;;;
190531;0000;5;;;
190601;0000;5;;;
190602;0000;11;;;
190603;0000;7;;;
190604;0000;8;;;
190605;0000;11;;;
190606;0000;13;;;
190607;0000;18;;;
190608;0000;17;;;
190609;0000;20;;;
190610;0000;19;;;
190611;0000;12;;;
190612;0000;7;;;
190613;0000;6;;;
190614;0000;5;;;
190615;0000;5;;;
190616;0000;4;;;
190617;0000;4;;;
190618;0000;8;;;
190619;0000;11;;;
190620;0000;6;;;
190621;0000;10;;;
190622;0000;16;;;
190623;0000;12;;;
190624;0000;16;;;
190625;0000;16;;;
190626;0000;15;;;
190627;0000;13;;;
190628;0000;10;;;
190629;0000;13;;;
190630;0000;12;;;
190701;0000;15;;;
190702;0000;12;;;
190703;0000;7;;;
190704;0000;8;;;
190705;0000;13;;;
190706;0000;9;;;
190707;0000;7;;;
190708;0000;4;;;
190709;0000;5;;;
190710;0000;5;;;
190711;0000;6;;;
190712;0000;4;;;
190713;0000;6;;;
190714;0000;8;;;
190715;0000;14;;;
190716;0000;14;;;
190717;0000;9;;;
190718;0000;15;;;
190719;0000;17;;;
190720;0000;14;;;
190721;0000;12;;;
190722;0000;15;;;
190723;0000;15;;;
190724;0000;14;;;
190725;0000;9;;;
190726;0000;15;;;
190727;0000;13;;;
190728;0000;8;;;
190729;0000;5;;;
190730;0000;9;;;
190731;0000;11;;;
190801;0000;12;;;
190802;0000;14;;;
190803;0000;16;;;
190804;0000;14;;;
190805;0000;8;;;
190806;0000;16;;;
190807;0000;14;;;
190808;0000;12;;;
190809;0000;15;;;
190810;0000;12;;;
190811;0000;8;;;
190812;0000;10;;;
190813;0000;8;;;
190814;0000;8;;;
190815;0000;12;;;
190816;0000;7;;;
190817;0000;11;;;
190818;0000;14;;;
190819;0000;6;;;
190820;0000;12;;;
190821;0000;9;;;
190822;0000;12;;;
190823;0000;6;;;
190824;0000;10;;;
190825;0000;12;;;
190826;0000;15;;;
190827;0000;12;;;
190828;0000;16;;;
190829;0000;17;;;
190830;0000;16;;;
190831;0000;16;;;
190901;0000;14;;;
190902;0000;10;;;
190903;0000;14;;;
190904;0000;15;;;
190905;0000;12;;;
190906;0000;7;;;
190907;0000;9;;;
190908;0000;12;;;
190909;0000;12;;;
190910;0000;9;;;
190911;0000;13;;;
190912;0000;10;;;
190913;0000;7;;;
190914;0000;14;;;
190915;0000;15;;;
190916;0000;17;;;
190917;0000;17;;;
190918;0000;17;;;
190919;0000;18;;;
190920;0000;18;;;
190921;0000;17;;;
190922;0000;15;;;
190923;0000;15;;;
190924;0000;14;;;
190925;0000;13;;;
190926;0000;8;;;
190927;0000;;;;
190928;0000;17;;;
190929;0000;21;;;
190930;0000;20;;;
191001;0000;17;;;
191002;0000;16;;;
191003;0000;16;;;
191004;0000;19;;;
191005;0000;18;;;
191006;0000;16;;;
191007;0000;19;;;
191008;0000;19;;;
191009;0000;20;;;
191010;0000;16;;;
191011;0000;15;;;
191012;0000;20;;;
191013;0000;20;;;
191014;0000;16;;;
191015;0000;16;;;
191016;0000;13;;;
191017;0000;17;;;
191018;0000;17;;;
191019;0000;17;;;
191020;0000;18;;;
191021;0000;18;;;
191022;0000;16;;;
191023;0000;13;;;
191024;0000;15;;;
191025;0000;15;;;
191026;0000;18;;;
191027;0000;17;;;
191028;0000;9;;;
191029;0000;13;;;
191030;0000;16;;;
191031;0000;17;;;
191101;0000;17;;;
191102;0000;18;;;
191103;0000;20;;;
191104;0000;17;;;
191105;0000;18;;;
191106;0000;18;;;
191107;0000;17;;;
191108;0000;15;;;
191109;0000;13;;;
191110;0000;11;;;
191111;0000;10;;;
191112;0000;10;;;
191113;0000;16;;;
191114;0000;13;;;
191115;0000;16;;;
191116;0000;17;;;
191117;0000;17;;;
191118;0000;16;;;
191119;0000;16;;;
191120;0000;15;;;
191121;0000;14;;;
191122;0000;13;;;
191123;0000;12;;;
191124;0000;15;;;
191125;0000;13;;;
191126;0000;15;;;
191127;0000;13;;;
191128;0000;12;;;
191129;0000;14;;;
191130;0000;14;;;
191201;0000;12;;;
191202;0000;12;;;
191203;0000;12;;;
191204;0000;13;;;
191205;0000;12;;;
191206;0000;10;;;
191207;0000;13;;;
191208;0000;12;;;
191209;0000;12;;;
191210;0000;10;;;
191211;0000;13;;;
191212;0000;11;;;
191213;0000;13;;;
191214;0000;13;;;
191215;0000;14;;;
191216;0000;13;;;
191217;0000;11;;;
191218;0000;13;;;
191219;0000;14;;;
191220;0000;12;;;
191221;0000;13;;;
191222;0000;11;;;
191223;0000;12;;;
191224;0000;12;;;
191225;0000;12;;;
191226;0000;11;;;
191227;0000;12;;;
191228;0000;12;;;
191229;0000;11;;;
191230;0000;12;;;
191231;0000;12;;;
200101;0000;12;;;
200102;0000;9;;;
200103;0000;10;;;
200104;0000;13;;;
200105;0000;11;;;
200106;0000;11;;;
200107;0000;12;;;
200108;0000;12;;;
200109;0000;10;;;
200110;0000;12;;;
200111;0000;10;;;
200112;0000;12;;;
200113;0000;12;;;
200114;0000;11;;;
200115;0000;12;;;
200116;0000;11;;;
200117;0000;9;;;
200118;0000;13;;;
200119;0000;11;;;
200120;0000;9;;;
200121;0000;7;;;
200122;0000;9;;;
200123;0000;12;;;
200124;0000;13;;;
200125;0000;14;;;
200126;0000;15;;;
200127;0000;13;;;
200128;0000;11;;;
200129;0000;13;;;
200130;0000;12;;;
200131;0000;13;;;
200201;0000;12;;;
200202;0000;14;;;
200203;0000;12;;;
200204;0000;11;;;
200205;0000;10;;;
200206;0000;7;;;
200207;0000;8;;;
200208;0000;9;;;
200209;0000;9;;;
200210;0000;10;;;
200211;0000;10;;;
200212;0000;12;;;
200213;0000;11;;;
200214;0000;12;;;
200215;0000;14;;;
200216;0000;13;;;
200217;0000;12;;;
200218;0000;14;;;
200219;0000;13;;;
200220;0000;9;;;
200221;0000;10;;;
200222;0000;11;;;
200223;0000;13;;;
200224;0000;13;;;
200225;0000;13;;;
200226;0000;8;;;
200227;0000;11;;;
200228;0000;12;;;
200229;0000;9;;;
200301;0000;9;;;
200302;0000;10;;;
200303;0000;10;;;
200304;0000;8;;;
200305;0000;8;;;
200306;0000;10;;;
200307;0000;15;;;
200308;0000;14;;;
200309;0000;;;;
200310;0000;;;;
200311;0000;;;;
200312;0000;;;;
200313;0000;14;;;
200314;0000;19;;;
200315;0000;16;;;
200316;0000;11;;;
200317;0000;14;;;
200318;0000;19;;;
200319;0000;18;;;
200320;0000;16;;;
200321;0000;13;;;
200322;0000;18;;;
200323;0000;15;;;
200324;0000;17;;;
200325;0000;;;;
200326;0000;;;;
200327;0000;16;;;
200328;0000;17;;;
200329;0000;13;;;
200330;0000;14;;;
200331;0000;12;;;
200401;0000;18;;;
200402;0000;16;;;
200403;0000;19;;;
200404;0000;24;;;
200405;0000;22;;;
200406;0000;;;;
200407;0000;;;;
200408;0000;8;;;
200409;0000;10;;;
200410;0000;17;;;
200411;0000;22;;;
200412;0000;19;;;
200413;0000;14;;;
200414;0000;13;;;
200415;0000;6;;;
200416;0000;6;;;
200417;0000;15;;;
200418;0000;17;;;
200419;0000;21;;;
200420;0000;17;;;
200421;0000;14;;;
200422;0000;9;;;
200423;0000;8;;;
200424;0000;10;;;
200425;0000;9;;;
200426;0000;7;;;
200427;0000;5;;;
200428;0000;6;;;
200429;0000;11;;;
200430;0000;15;;;
200501;0000;7;;;
200502;0000;8;;;
200503;0000;12;;;
200504;0000;8;;;
200505;0000;8;;;
200506;0000;9;;;
200507;0000;7;;;
200508;0000;8;;;
200509;0000;18;;;
200510;0000;20;;;
200511;0000;23;;;
200512;0000;15;;;
200513;0000;3;;;
200514;0000;2;;;
200515;0000;9;;;
200516;0000;24;;;
200517;0000;19;;;
200518;0000;21;;;
200519;0000;20;;;
200520;0000;11;;;
200521;0000;12;;;
200522;0000;;;15;
200523;0000;;;31;
200524;0000;;;32;
200525;0000;;;30;
200526;0000;;;32;
200527;0000;;;30;
200528;0000;;;28;
200529;0000;;;19;
200530;0000;;;24;
200531;0000;;;31;
200601;0000;;;27;
200602;0000;;;31;
200603;0000;;;29;
200604;0000;;;32;
200605;0000;;;30;
200606;0000;;;30;
200607;0000;;;36;
200608;0000;;;34;
200609;0000;;;35;
200610;0000;;;35;
200611;0000;;;30;
200612;0000;;;34;
200613;0000;;;34;
200614;0000;;;40;
200615;0000;;;46;
200616;0000;;;44;
200617;0000;;;32;
200618;0000;;;29;
200619;0000;33;;;
200620;0000;21;;;
200621;0000;13;;;
200622;0000;10;;;
200623;0000;13;;;
200624;0000;11;;;
200625;0000;6;;;
200626;0000;6;;;
200627;0000;8;;;
200628;0000;8;;;
200629;0000;6;;;
200630;0000;2;;;
200701;0000;3;;;
200702;0000;2;;;
200703;0000;5;;;
200704;0000;3;;;
200705;0000;4;;;
200706;0000;2;;;
200707;0000;1;;;
200708;0000;5;;;
200709;0000;6;;;
200710;0000;7;;;
200711;0000;8;;;
200712;0000;8;;;
200713;0000;7;;;
200714;0000;3;;;
200715;0000;1;;;
200716;0000;2;;;
200717;0000;1;;;
200718;0000;2;;;
200719;0000;2;;;
200720;0000;4;;;
200721;0000;9;;;
200722;0000;8;;;
200723;0000;7;;;
200724;0000;6;;;
200725;0000;5;;;
200726;0000;6;;;
200727;0000;7;;;
200728;0000;6;;;
200729;0000;6;;;
200730;0000;2;;;
200731;0000;1;;;
200801;0000;5;;;
200802;0000;7;;;
200803;0000;6;;;
200804;0000;7;;;
200805;0000;4;;;
200806;0000;8;;;
200807;0000;6;;;
200808;0000;5;;;
200809;0000;4;;;
200810;0000;8;;;
200811;0000;13;;;
200812;0000;;;;
200813;0000;18;;;
200814;0000;14;;;
200815;0000;14;;;
200816;0000;17;;;
200817;0000;15;;;
200818;0000;11;;;
200819;0000;9;;;
200820;0000;14;;;
200821;0000;15;;;
200822;0000;15;;;
200823;0000;17;;;
200824;0000;14;;;
200825;0000;13;;;
200826;0000;8;;;
200827;0000;15;;;
200828;0000;16;;;
200829;0000;18;;;
200830;0000;17;;;
200831;0000;10;;;
200901;0000;6;;;
200902;0000;10;;;
200903;0000;17;;;
200904;0000;16;;;
200905;0000;11;;;
200906;0000;13;;;
200907;0000;9;;;
200908;0000;16;;;
200909;0000;16;;;
200910;0000;14;;;
200911;0000;19;;;
200912;0000;21;;;
200913;0000;20;;;
200914;0000;;;;
200915;0000;;;;
200916;0000;15;;;
200917;0000;21;;;
200918;0000;22;;;
200919;0000;19;;;
200920;0000;12;;;
200921;0000;13;;;
200922;0000;20;;;
200923;0000;19;;;
200924;0000;19;;;
200925;0000;19;;;
200926;0000;18;;;
200927;0000;18;;;
200928;0000;18;;;
200929;0000;17;;;
200930;0000;21;;;
201001;0000;19;;;
201002;0000;16;;;
201003;0000;15;;;
201004;0000;18;;;
201005;0000;21;;;
201006;0000;19;;;
201007;0000;20;;;
201008;0000;19;;;
201009;0000;17;;;
201010;0000;17;;;
201011;0000;21;;;
201012;0000;19;;;
201013;0000;20;;;
201014;0000;20;;;
201015;0000;17;;;
201016;0000;14;;;
201017;0000;16;;;
201018;0000;21;;;
201019;0000;18;;;
201020;0000;15;;;
201021;0000;11;;;
201022;0000;15;;;
201023;0000;11;;;
201024;0000;15;;;
201025;0000;18;;;
201026;0000;18;;;
201027;0000;16;;;
201028;0000;16;;;
201029;0000;16;;;
201030;0000;14;;;
201031;0000;14;;;
201101;0000;16;;;
201102;0000;12;;;
201103;0000;16;;;
201104;0000;15;;;
201105;0000;14;;;
201106;0000;14;;;
201107;0000;13;;;
201108;0000;12;;;
201109;0000;12;;;
201110;0000;13;;;
201111;0000;8;;;
201112;0000;14;;;
201113;0000;14;;;
201114;0000;16;;;
201115;0000;14;;;
201116;0000;11;;;
201117;0000;11;;;
201118;0000;12;;;
201119;0000;11;;;
201120;0000;13;;;
201121;0000;14;;;
201122;0000;14;;;
201123;0000;;;;
201124;0000;;;;
201125;0000;13;;;
201126;0000;12;;;
201127;0000;10;;;
201128;0000;12;;;
201129;0000;11;;;
201130;0000;11;;;
201201;0000;13;;;
201202;0000;11;;;
201203;0000;10;;;
201204;0000;10;;;
201205;0000;9;;;
201206;0000;8;;;
201207;0000;12;;;
201208;0000;10;;;
201209;0000;8;;;
201210;0000;10;;;
201211;0000;14;;;
201212;0000;13;;;
201213;0000;14;;;
201214;0000;13;;;
201215;0000;13;;;
201216;0000;14;;;
201217;0000;11;;;
201218;0000;11;;;
201219;0000;12;;;
201220;0000;12;;;
201221;0000;13;;;
201222;0000;14;;;
201223;0000;11;;;
201224;0000;14;;;
201225;0000;12;;;
201226;0000;7;;;
201227;0000;6;;;
201228;0000;6;;;
201229;0000;8;;;
201230;0000;11;;;
201231;0000;10;;;
210101;0000;13;;;
210102;0000;10;;;
210103;0000;13;;;
210104;0000;11;;;
210105;0000;12;;;
210106;0000;10;;;
210107;0000;12;;;
210108;0000;10;;;
210109;0000;10;;;
210110;0000;11;;;
210111;0000;10;;;
210112;0000;9;;;
210113;0000;9;;;
210114;0000;10;;;
210115;0000;8;;;
210116;0000;9;;;
210117;0000;10;;;
210118;0000;6;;;
210119;0000;9;;;
210120;0000;8;;;
210121;0000;8;;;
210122;0000;6;;;
210123;0000;10;;;
210124;0000;9;;;
210125;0000;9;;;
210126;0000;8;;;
210127;0000;6;;;
210128;0000;9;;;
210129;0000;8;;;
210130;0000;6;;;
210131;0000;7;;;
210201;0000;7;;;
210202;0000;;;;
210203;0000;;;;
210204;0000;;;;
210205;0000;9;;;
210206;0000;12;;;
210207;0000;11;;;
210208;0000;9;;;
210209;0000;10;;;
210210;0000;11;;;
210211;0000;10;;;
210212;0000;12;;;
210213;0000;13;;;
210214;0000;13;;;
210215;0000;8;;;
210216;0000;9;;;
210217;0000;9;;;
210218;0000;9;;;
210219;0000;9;;;
210220;0000;11;;;
210221;0000;9;;;
210222;0000;9;;;
210223;0000;9;;;
210224;0000;6;;;
210225;0000;7;;;
210226;0000;9;;;
210227;0000;6;;;
210228;0000;6;;;
210301;0000;9;;;
210302;0000;7;;;
210303;0000;5;;;
210304;0000;6;;;
210305;0000;9;;;
210306;0000;14;;;
210307;0000;15;;;
210308;0000;11;;;
210309;0000;6;;;
210310;0000;11;;;
210311;0000;10;;;
210312;0000;9;;;
210313;0000;9;;;
210314;0000;6;;;
210315;0000;9;;;
210316;0000;9;;;
210317;0000;6;;;
210318;0000;7;;;
210319;0000;10;;;
210320;0000;11;;;
210321;0000;9;;;
210322;0000;9;;;
210323;0000;12;;;
210324;0000;11;;;
210325;0000;9;;;
210326;0000;11;;;
210327;0000;10;;;
210328;0000;9;;;
210329;0000;7;;;
210330;0000;8;;;
210331;0000;11;;;
210401;0000;7;;;
210402;0000;8;;;
210403;0000;13;;;
210404;0000;8;;;
210405;0000;7;;;
210406;0000;10;;;
210407;0000;13;;;
210408;0000;10;;;
210409;0000;8;;;
210410;0000;12;;;
210411;0000;13;;;
210412;0000;13;;;
210413;0000;11;;;
210414;0000;15;;;
210415;0000;15;;;
210416;0000;14;;;
210417;0000;8;;;
210418;0000;4;;;
210419;0000;12;;;
210420;0000;7;;;
210421;0000;9;;;
210422;0000;9;;;
210423;0000;8;;;
210424;0000;10;;;
210425;0000;10;;;
210426;0000;11;;;
210427;0000;11;;;
210428;0000;12;;;
210429;0000;8;;;
210430;0000;8;;;
210501;0000;9;;;
210502;0000;16;;;
210503;0000;11;;;
210504;0000;7;;;
210505;0000;2;;;
210506;0000;2;;;
210507;0000;2;;;
210508;0000;5;;;
210509;0000;9;;;
210510;0000;6;;;
210511;0000;6;;;
210512;0000;14;;;
210513;0000;11;;;
210514;0000;2;;;
210515;0000;9;;;
210516;0000;3;;;
210517;0000;2;;;
210518;0000;2;;;
210519;0000;1;;;
210520;0000;2;;;
210521;0000;2;;;
210522;0000;6;;;
210523;0000;9;;;
210524;0000;17;;;
210525;0000;14;;;
210526;0000;12;;;
210527;0000;11;;;
210528;0000;11;;;
210529;0000;15;;;
210530;0000;14;;;
210531;0000;12;;;
210601;0000;18;;;
210602;0000;12;;;
210603;0000;11;;;
210604;0000;17;;;
210605;0000;18;;;
210606;0000;14;;;
210607;0000;8;;;
210608;0000;15;;;
210609;0000;15;;;
210610;0000;14;;;
210611;0000;12;;;
210612;0000;19;;;
210613;0000;16;;;
210614;0000;14;;;
210615;0000;4;;;
210616;0000;2;;;
210617;0000;3;;;
210618;0000;2;;;
210619;0000;6;;;
210620;0000;5;;;
210621;0000;6;;;
210622;0000;2;;;
210623;0000;4;;;
210624;0000;13;;;
210625;0000;16;;;
210626;0000;11;;;
210627;0000;6;;;
210628;0000;4;;;
210629;0000;2;;;
210630;0000;5;;;
210701;0000;19;;;
210702;0000;19;;;
210703;0000;24;;;
210704;0000;18;;;
210705;0000;14;;;
210706;0000;12;;;
210707;0000;14;;;
210708;0000;9;;;
210709;0000;16;;;
210710;0000;23;;;
210711;0000;26;;;
210712;0000;21;;;
210713;0000;17;;;
210714;0000;;17;;
210715;0000;;20;;
210716;0000;;22;;
210717;0000;;19;;
210718;0000;;17;;
210719;0000;;18;;
210720;0000;;21;;
210721;0000;;13;;
210722;0000;;22;;
210723;0000;;24;;
210724;0000;;11;;
210725;0000;;21;;
210726;0000;;20;;
210727;0000;;18;;
210728;0000;;19;;
210729;0000;;18;;
210730;0000;;22;;
210731;0000;;20;;
210801;0000;;24;;
210802;0000;;20;;
210803;0000;;17;;
210804;0000;;5;;
210805;0000;;19;;
210806;0000;23;;;
210807;0000;24;;;
210808;0000;21;;;
210809;0000;19;;;
210810;0000;18;;;
210811;0000;11;;;
210812;0000;12;;;
210813;0000;17;;;
210814;0000;18;;;
210815;0000;6;;;
210816;0000;13;;;
210817;0000;20;;;
210818;0000;13;;;
210819;0000;18;;;
210820;0000;7;;;
210821;0000;7;;;
210822;0000;16;;;
210823;0000;20;;;
210824;0000;22;;;
210825;0000;19;;;
210826;0000;14;;;
210827;0000;6;;;
210828;0000;18;;;
210829;0000;9;;;
210830;0000;;;;
210831;0000;12;;;
210901;0000;8;;;
210902;0000;5;;;
210903;0000;7;;;
210904;0000;10;;;
210905;0000;7;;;
210906;0000;8;;;
210907;0000;9;;;
210908;0000;16;;;
210909;0000;14;;;
210910;0000;12;;;
210911;0000;15;;;
210912;0000;20;;;
210913;0000;19;;;
210914;0000;22;;;
210915;0000;19;;;
210916;0000;17;;;
210917;0000;19;;;
210918;0000;17;;;
210919;0000;16;;;
210920;0000;17;;;
210921;0000;11;;;
210922;0000;15;;;
210923;0000;18;;;
210924;0000;17;;;
210925;0000;21;;;
210926;0000;19;;;
210927;0000;18;;;
210928;0000;19;;;
210929;0000;17;;;
210930;0000;;;;
211001;0000;9;;;
211002;0000;13;;;
211003;0000;17;;;
211004;0000;15;;;
211005;0000;14;;;
211006;0000;14;;;
211007;0000;11;;;
211008;0000;11;;;
211009;0000;11;;;
211010;0000;12;;;
211011;0000;14;;;
211012;0000;11;;;
211013;0000;14;;;
211014;0000;14;;;
211015;0000;15;;;
211016;0000;16;;;
211017;0000;14;;;
211018;0000;11;;;
211019;0000;8;;;
211020;0000;11;;;
211021;0000;14;;;
211022;0000;13;;;
211023;0000;17;;;
211024;0000;15;;;
211025;0000;17;;;
211026;0000;14;;;
211027;0000;13;;;
211028;0000;13;;;
211029;0000;12;;;
211030;0000;12;;;
211031;0000;14;;;
211101;0000;10;;;
211102;0000;;12;;
211103;0000;;9;;
211104;0000;;12;;
211105;0000;;11;;
211106;0000;;9;;
211107;0000;;10;;
211108;0000;;8;;
211109;0000;;9;;
211110;0000;;12;;
211111;0000;;9;;
211112;0000;;7;;
211113;0000;;9;;
211114;0000;;13;;
211115;0000;;8;;
211116;0000;;10;;
211117;0000;;10;;
211118;0000;;7;;
211119;0000;;7;;
211120;0000;;5;;
211121;0000;;4;;
211122;0000;;11;;
211123;0000;;11;;
211124;0000;;6;;
211125;0000;;11;;
211126;0000;9;;;
211127;0000;9;;;
211128;0000;11;;;
211129;0000;11;;;
211130;0000;11;;;
211201;0000;12;;;
211202;0000;8;;;
211203;0000;7;;;
211204;0000;7;;;
211205;0000;6;;;
211206;0000;8;;;
211207;0000;6;;;
211208;0000;9;;;
211209;0000;8;;;
211210;0000;7;;;
211211;0000;8;;;
211212;0000;8;;;
211213;0000;8;;;
211214;0000;9;;;
211215;0000;6;;;
211216;0000;7;;;
211217;0000;6;;;
211218;0000;5;;;
211219;0000;6;;;
211220;0000;10;;;
211221;0000;9;;;
211222;0000;7;;;
211223;0000;5;;;
211224;0000;5;;;
211225;0000;7;;;
211226;0000;5;;;
211227;0000;8;;;
211228;0000;9;;;
211229;0000;7;;;
211230;0000;8;;;
211231;0000;9;;;
220101;0000;7;;;
220102;0000;7;;;
220103;0000;7;;;
220104;0000;6;;;
220105;0000;4;;;
220106;0000;3;;;
220107;0000;4;;;
220108;0000;;5;;
220109;0000;;6;;
220110;0000;;7;;
220111;0000;;6;;
220112;0000;;5;;
220113;0000;;4;;
220114;0000;;8;;
220115;0000;;7;;
220116;0000;;4;;
220117;0000;;4;;
220118;0000;;4;;
220119;0000;;6;;
220120;0000;;8;;
220121;0000;;10;;
220122;0000;;7;;
220123;0000;;6;;
220124;0000;;6;;
220125;0000;;5;;
220126;0000;;7;;
220127;0000;;10;;
220128;0000;;9;;
220129;0000;;8;;
220130;0000;;7;;
220131;0000;;7;;
220201;0000;;6;;
220202;0000;;6;;
220203;0000;;3;;
220204;0000;;6;;
220205;0000;;5;;
220206;0000;;5;;
220207;0000;;5;;
220208;0000;10;;;
220209;0000;9;;;
220210;0000;8;;;
220211;0000;7;;;
220212;0000;6;;;
220213;0000;5;;;
220214;0000;7;;;
220215;0000;6;;;
220216;0000;7;;;
220217;0000;8;;;
220218;0000;5;;;
220219;0000;4;;;
220220;0000;4;;;
220221;0000;8;;;
220222;0000;7;;;
220223;0000;8;;;
220224;0000;11;;;
220225;0000;7;;;
220226;0000;8;;;
220227;0000;10;;;
220228;0000;9;;;
220301;0000;12;;;
220302;0000;6;;;
220303;0000;9;;;
220304;0000;8;;;
220305;0000;8;;;
220306;0000;2;;;
220307;0000;5;;;
220308;0000;6;;;
220309;0000;8;;;
220310;0000;6;;;
220311;0000;5;;;
220312;0000;5;;;
220313;0000;10;;;
220314;0000;7;;;
220315;0000;4;;;
220316;0000;7;;;
220317;0000;9;;;
220318;0000;7;;;
220319;0000;3;;;
220320;0000;4;;;
220321;0000;7;;;
220322;0000;9;;;
220323;0000;9;;;
220324;0000;9;;;
220325;0000;7;;;
220326;0000;6;;;
220327;0000;10;;;
220328;0000;9;;;
220329;0000;7;;;
220330;0000;;;;
220331;0000;;;;
220401;0000;5;;;
220402;0000;6;;;
220403;0000;8;;;
220404;0000;7;;;
220405;0000;4;;;
220406;0000;2;;;
220407;0000;3;;;
220408;0000;2;;;
220409;0000;2;;;
220410;0000;7;;;
220411;0000;7;;;
220412;0000;;;;
220413;0000;;;;
220414;0000;3;;;
220415;0000;5;;;
220416;0000;5;;;
220417;0000;3;;;
220418;0000;7;;;
220419;0000;8;;;
220420;0000;8;;;
220421;0000;5;;;
220422;0000;6;;;
220423;0000;10;;;
220424;0000;6;;;
220425;0000;5;;;
220426;0000;6;;;
220427;0000;3;;;
220428;0000;4;;;
220429;0000;5;;;
220430;0000;6;;;
220501;0000;4;;;
220502;0000;7;;;
220503;0000;6;;;
220504;0000;7;;;
220505;0000;10;;;
220506;0000;6;;;
220507;0000;8;;;
220508;0000;16;;;
220509;0000;12;;;
220510;0000;9;;;
220511;0000;2;;;
220512;0000;3;;;
220513;0000;11;;;
220514;0000;10;;;
220515;0000;3;;;
220516;0000;2;;;
220517;0000;2;;;
220518;0000;2;;;
220519;0000;1;;;
220520;0000;3;;;
220521;0000;7;;;
220522;0000;13;;;
220523;0000;13;;;
220524;0000;11;;;
220525;0000;10;;;
220526;0000;10;;;
220527;0000;9;;;
220528;0000;9;;;
220529;0000;7;;;
220530;0000;3;;;
220531;0000;1;;;
220601;0000;1;;;
220602;0000;1;;;
220603;0000;1;;;
220604;0000;8;;;
220605;0000;11;;;
220606;0000;11;;;
220607;0000;10;;;
220608;0000;10;;;
220609;0000;11;;;
220610;0000;10;;;
220611;0000;1;;;
220612;0000;1;;;
220613;0000;2;;;
220614;0000;3;;;
220615;0000;5;;;
220616;0000;13;;;
220617;0000;15;;;
220618;0000;13;;;
220619;0000;11;;;
220620;0000;9;;;
220621;0000;2;;;
220622;0000;1;;;
220623;0000;1;;;
220624;0000;2;;;
220625;0000;1;;;
220626;0000;8;;;
220627;0000;10;;;
220628;0000;5;;;
220629;0000;10;;;
220630;0000;8;;;
220701;0000;4;;;
220702;0000;6;;;
220703;0000;8;;;
220704;0000;11;;;
220705;0000;10;;;
220706;0000;6;;;
220707;0000;6;;;
220708;0000;2;;;
220709;0000;1;;;
220710;0000;13;;;
220711;0000;7;;;
220712;0000;10;;;
220713;0000;2;;;
220714;0000;8;;;
220715;0000;8;;;
220716;0000;7;;;
220717;0000;13;;;
220718;0000;16;;;
220719;0000;15;;;
220720;0000;16;;;
220721;0000;13;;;
220722;0000;5;;;
220723;0000;5;;;
220724;0000;8;;;
220725;0000;4;;;
220726;0000;5;;;
220727;0000;8;;;
220728;0000;15;;;
220729;0000;14;;;
220730;0000;12;;;
220731;0000;10;;;
220801;0000;9;;;
220802;0000;9;;;
220803;0000;5;;;
220804;0000;12;;;
220805;0000;7;;;
220806;0000;8;;;
220807;0000;9;;;
220808;0000;6;;;
220809;0000;13;;;
220810;0000;11;;;
220811;0000;11;;;
220812;0000;13;;;
220813;0000;9;;;
220814;0000;14;;;
220815;0000;14;;;
220816;0000;14;;;
220817;0000;11;;;
220818;0000;12;;;
220819;0000;10;;;
220820;0000;6;;;
220821;0000;8;;;
220822;0000;9;;;
220823;0000;11;;;
220824;0000;14;;;
220825;0000;13;;;
220826;0000;15;;;
220827;0000;12;;;
220828;0000;10;;;
220829;0000;5;;;
220830;0000;8;;;
220831;0000;10;;;
220901;0000;14;;;
220902;0000;14;;;
220903;0000;14;;;
220904;0000;15;;;
220905;0000;13;;;
220906;0000;6;;;
220907;0000;10;;;
220908;0000;8;;;
220909;0000;12;;;
220910;0000;11;;;
220911;0000;10;;;
220912;0000;6;;;
220913;0000;6;;;
220914;0000;6;;;
220915;0000;9;;;
220916;0000;9;;;
220917;0000;10;;;
220918;0000;8;;;
220919;0000;7;;;
220920;0000;6;;;
220921;0000;7;;;
220922;0000;10;;;
220923;0000;;;;
220924;0000;;;;
220925;0000;26;;;
220926;0000;29;;;
220927;0000;26;;;
220928;0000;23;;;
220929;0000;18;;;
220930;0000;20;;;
221001;0000;20;;;
221002;0000;13;;;
221003;0000;14;;;
221004;0000;24;;;
221005;0000;25;;;
221006;0000;25;;;
221007;0000;22;;;
221008;0000;23;;;
221009;0000;25;;;
221010;0000;24;;;
221011;0000;24;;;
221012;0000;24;;;
221013;0000;21;;;
221014;0000;18;;;
221015;0000;17;;;
221016;0000;11;;;
221017;0000;11;;;
221018;0000;16;;;
221019;0000;18;;;
221020;0000;22;;;
221021;0000;18;;;
221022;0000;19;;;
221023;0000;19;;;
221024;0000;19;;;
221025;0000;14;;;
221026;0000;23;;;
221027;0000;20;;;
221028;0000;20;;;
221029;0000;19;;;
221030;0000;16;;;
221031;0000;18;;;
221101;0000;16;;;
221102;0000;8;;;
221103;0000;11;;;
221104;0000;13;;;
221105;0000;14;;;
221106;0000;23;;;
221107;0000;12;;;
221108;0000;12;;;
221109;0000;15;;;
221110;0000;13;;;
221111;0000;11;;;
221112;0000;12;;;
221113;0000;13;;;
221114;0000;15;;;
221115;0000;17;;;
221116;0000;13;;;
221117;0000;8;;;
221118;0000;14;;;
221119;0000;16;;;
221120;0000;13;;;
221121;0000;14;;;
221122;0000;12;;;
221123;0000;14;;;
221124;0000;14;;;
221125;0000;13;;;
221126;0000;13;;;
221127;0000;9;;;
221128;0000;6;;;
221129;0000;11;;;
221130;0000;9;;;
221201;0000;6;;;
221202;0000;;;;
221203;0000;;;;
221204;0000;;;;
221205;0000;;;;
221206;0000;8;;;
221207;0000;4;;;
221208;0000;8;;;
221209;0000;7;;;
221210;0000;6;;;
221211;0000;6;;;
221212;0000;7;;;
221213;0000;8;;;
221214;0000;7;;;
221215;0000;7;;;
221216;0000;7;;;
221217;0000;7;;;
221218;0000;7;;;
221219;0000;5;;;
221220;0000;5;;;
221221;0000;5;;;
221222;0000;7;;;
221223;0000;6;;;
221224;0000;4;;;
221225;0000;4;;;
221226;0000;6;;;
221227;0000;5;;;
221228;0000;5;;;
221229;0000;6;;;
221230;0000;4;;;
221231;0000;4;;;
230101;0000;5;;;
230102;0000;4;;;
230103;0000;4;;;
230104;0000;2;;;
230105;0000;2;;;
230106;0000;1;;;
230107;0000;2;;;
230108;0000;2;;;
230109;0000;4;;;
230110;0000;3;;;
230111;0000;3;;;
230112;0000;3;;;
230113;0000;3;;;
230114;0000;4;;;
230115;0000;4;;;
230116;0000;4;;;
230117;0000;5;;;
230118;0000;5;;;
230119;0000;5;;;
230120;0000;2;;;
230121;0000;4;;;
230122;0000;9;;;
230123;0000;8;;;
230124;0000;10;;;
230125;0000;10;;;
230126;0000;10;;;
230127;0000;11;;;
230128;0000;9;;;
230129;0000;5;;;
230130;0000;11;;;
230131;0000;11;;;
230201;0000;11;;;
230202;0000;9;;;
230203;0000;8;;;
230204;0000;9;;;
230205;0000;11;;;
230206;0000;11;;;
230207;0000;10;;;
230208;0000;8;;;
230209;0000;12;;;
230210;0000;12;;;
230211;0000;12;;;
230212;0000;13;;;
230213;0000;10;;;
230214;0000;9;;;
230215;0000;12;;;
230216;0000;9;;;
230217;0000;7;;;
230218;0000;11;;;
230219;0000;12;;;
230220;0000;11;;;
230221;0000;11;;;
230222;0000;11;;;
230223;0000;13;;;
230224;0000;11;;;
230225;0000;13;;;
230226;0000;12;;;
230227;0000;11;;;
230228;0000;15;;;
230301;0000;;;;
230302;0000;13;;;
230303;0000;12;;;
230304;0000;11;;;
230305;0000;8;;;
230306;0000;14;;;
230307;0000;12;;;
230308;0000;10;;;
230309;0000;12;;;
230310;0000;10;;;
230311;0000;7;;;
230312;0000;14;;;
230313;0000;13;;;
230314;0000;13;;;
230315;0000;12;;;
230316;0000;12;;;
230317;0000;10;;;
230318;0000;7;;;
230319;0000;12;;;
230320;0000;10;;;
230321;0000;6;;;
230322;0000;12;;;
230323;0000;13;;;
230324;0000;11;;;
230325;0000;13;;;
230326;0000;14;;;
230327;0000;13;;;
230328;0000;12;;;
230329;0000;13;;;
230330;0000;11;;;
230331;0000;5;;;
230401;0000;12;;;
230402;0000;13;;;
230403;0000;13;;;
230404;0000;10;;;
230405;0000;7;;;
230406;0000;16;;;
230407;0000;14;;;
230408;0000;13;;;
230409;0000;16;;;
230410;0000;7;;;
230411;0000;6;;;
230412;0000;9;;;
230413;0000;6;;;
230414;0000;6;;;
230415;0000;8;;;
230416;0000;14;;;
230417;0000;13;;;
230418;0000;14;;;
230419;0000;10;;;
230420;0000;11;;;
230421;0000;16;;;
230422;0000;15;;;
230423;0000;15;;;
230424;0000;12;;;
230425;0000;9;;;
230426;0000;10;;;
230427;0000;11;;;
230428;0000;5;;;
230429;0000;21;;;
230430;0000;18;;;
230501;0000;18;;;
230502;0000;16;;;
230503;0000;18;;;
230504;0000;13;;;
230505;0000;15;;;
230506;0000;17;;;
230507;0000;15;;;
230508;0000;15;;;
230509;0000;12;;;
230510;0000;4;;;
230511;0000;16;;;
230512;0000;14;;;
230513;0000;11;;;
230514;0000;13;;;
230515;0000;10;;;
230516;0000;21;;;
230517;0000;21;;;
230518;0000;18;;;
230519;0000;16;;;
230520;0000;7;;;
230521;0000;11;;;
230522;0000;9;;;
230523;0000;8;;;
230524;0000;13;;;
230525;0000;18;;;
230526;0000;17;;;
230527;0000;19;;;
230528;0000;16;;;
230529;0000;11;;;
230530;0000;11;;;
230531;0000;16;;;
230601;0000;8;;;
230602;0000;16;;;
230603;0000;15;;;
230604;0000;16;;;
230605;0000;9;;;
230606;0000;20;;;
230607;0000;15;;;
230608;0000;13;;;
230609;0000;14;;;
230610;0000;14;;;
230611;0000;19;;;
230612;0000;16;;;
230613;0000;10;;;
230614;0000;15;;;
230615;0000;12;;;
230616;0000;7;;;
230617;0000;10;;;
230618;0000;13;;;
230619;0000;4;;;
230620;0000;3;;;
230621;0000;3;;;
230622;0000;12;;;
230623;0000;12;;;
230624;0000;6;;;
230625;0000;6;;;
230626;0000;15;;;
230627;0000;5;;;
230628;0000;6;;;
230629;0000;5;;;
230630;0000;4;;;
230701;0000;5;;;
230702;0000;16;;;
230703;0000;18;;;
230704;0000;12;;;
230705;0000;18;;;
230706;0000;16;;;
230707;0000;7;;;
230708;0000;6;;;
230709;0000;7;;;
230710;0000;7;;;
230711;0000;13;;;
230712;0000;6;;;
230713;0000;6;;;
230714;0000;2;;;
230715;0000;14;;;
230716;0000;9;;;
230717;0000;8;;;
230718;0000;6;;;
230719;0000;5;;;
230720;0000;5;;;
230721;0000;11;;;
230722;0000;16;;;
230723;0000;14;;;
230724;0000;3;;;
230725;0000;4;;;
230726;0000;8;;;
230727;0000;3;;;
230728;0000;5;;;
230729;0000;23;;;
230730;0000;18;;;
230731;0000;9;;;
230801;0000;21;;;
230802;0000;20;;;
230803;0000;20;;;
230804;0000;19;;;
230805;0000;19;;;
230806;0000;19;;;
230807;0000;7;;;
230808;0000;13;;;
230809;0000;8;;;
230810;0000;14;;;
230811;0000;16;;;
230812;0000;8;;;
230813;0000;8;;;
230814;0000;14;;;
230815;0000;19;;;
230816;0000;13;;;
230817;0000;8;;;
230818;0000;10;;;
230819;0000;10;;;
230820;0000;7;;;
230821;0000;10;;;
230822;0000;19;;;
230823;0000;19;;;
230824;0000;17;;;
230825;0000;17;;;
230826;0000;17;;;
230827;0000;19;;;
230828;0000;18;;;
230829;0000;18;;;
230830;0000;18;;;
230831;0000;16;;;
230901;0000;;19;;
230902;0000;;18;;
230903;0000;;16;;
230904;0000;;13;;
230905;0000;;13;;
230906;0000;;10;;
230907;0000;;9;;
230908;0000;;11;;
230909;0000;;10;;
230910;0000;;17;;
230911;0000;;17;;
230912;0000;;19;;
230913;0000;;18;;
230914;0000;;19;;
230915;0000;;19;;
230916;0000;;16;;
230917;0000;;18;;
230918;0000;;16;;
230919;0000;;12;;
230920;0000;;8;;
230921;0000;;11;;
230922;0000;;10;;
230923;0000;;15;;
230924;0000;;14;;
230925;0000;;16;;
230926;0000;;20;;
230927;0000;;21;;
230928;0000;;15;;
230929;0000;;13;;
230930;0000;;16;;
231001;0000;;25;;
231002;0000;;21;;
231003;0000;;20;;
231004;0000;;23;;
231005;0000;;23;;
231006;0000;;24;;
231007;0000;;27;;
231008;0000;;29;;
231009;0000;;26;;
231010;0000;;19;;
231011;0000;;20;;
231012;0000;;21;;
231013;0000;;17;;
231014;0000;;18;;
231015;0000;;21;;
231016;0000;;20;;
231017;0000;;18;;
231018;0000;;18;;
231019;0000;;23;;
231020;0000;;20;;
231021;0000;;19;;
231022;0000;;17;;
231023;0000;;12;;
231024;0000;;21;;
231025;0000;;24;;
231026;0000;;24;;
231027;0000;;27;;
231028;0000;;24;;
231029;0000;;23;;
231030;0000;;16;;
231031;0000;;14;;
231101;0000;;12;;
231102;0000;;18;;
231103;0000;;18;;
231104;0000;;18;;
231105;0000;;20;;
231106;0000;;14;;
231107;0000;;19;;
231108;0000;;21;;
231109;0000;;18;;
231110;0000;;15;;
231111;0000;;18;;
231112;0000;;18;;
231113;0000;;18;;
231114;0000;;17;;
231115;0000;;19;;
231116;0000;;18;;
231117;0000;;16;;
231118;0000;;17;;
231119;0000;;16;;
231120;0000;;18;;
231121;0000;;18;;
231122;0000;;17;;
231123;0000;;16;;
231124;0000;;13;;
231125;0000;;17;;
231126;0000;20;;;
231127;0000;14;;;
231128;0000;18;;;
231129;0000;16;;;
231130;0000;14;;;
231201;0000;15;;;
231202;0000;15;;;
231203;0000;15;;;
231204;0000;13;;;
231205;0000;13;;;
231206;0000;15;;;
231207;0000;13;;;
231208;0000;14;;;
231209;0000;16;;;
231210;0000;11;;;
231211;0000;16;;;
231212;0000;17;;;
231213;0000;17;;;
231214;0000;15;;;
231215;0000;15;;;
231216;0000;16;;;
231217;0000;11;;;
231218;0000;12;;;
231219;0000;11;;;
231220;0000;13;;;
231221;0000;10;;;
231222;0000;14;;;
231223;0000;16;;;
231224;0000;14;;;
231225;0000;12;;;
231226;0000;12;;;
231227;0000;15;;;
231228;0000;17;;;
231229;0000;14;;;
231230;0000;13;;;
231231;0000;14;;;
240101;0000;15;;;
240102;0000;10;;;
240103;0000;14;;;
240104;0000;14;;;
240105;0000;13;;;
240106;0000;15;;;
240107;0000;16;;;
240108;0000;15;;;
240109;0000;15;;;
240110;0000;12;;;
240111;0000;10;;;
240112;0000;9;;;
240113;0000;13;;;
240114;0000;10;;;
240115;0000;15;;;
240116;0000;13;;;
240117;0000;12;;;
240118;0000;16;;;
240119;0000;17;;;
240120;0000;15;;;
240121;0000;14;;;
240122;0000;14;;;
240123;0000;13;;;
240124;0000;17;;;
240125;0000;13;;;
240126;0000;18;;;
240127;0000;19;;;
240128;0000;16;;;
240129;0000;15;;;
240130;0000;15;;;
240131;0000;15;;;
240201;0000;17;;;
240202;0000;16;;;
240203;0000;16;;;
240204;0000;18;;;
240205;0000;24;;;
240206;0000;19;;;
240207;0000;18;;;
240208;0000;14;;;
240209;0000;14;;;
240210;0000;12;;;
240211;0000;14;;;
240212;0000;14;;;
240213;0000;13;;;
240214;0000;17;;;
240215;0000;17;;;
240216;0000;17;;;
240217;0000;19;;;
240218;0000;17;;;
240219;0000;13;;;
240220;0000;11;;;
240221;0000;14;;;
240222;0000;17;;;
240223;0000;16;;;
240224;0000;11;;;
240225;0000;12;;;
240226;0000;12;;;
240227;0000;12;;;
240228;0000;15;;;
240229;0000;15;;;
240301;0000;17;;;
240302;0000;17;;;
240303;0000;16;;;
240304;0000;9;;;
240305;0000;11;;;
240306;0000;17;;;
240307;0000;14;;;
240308;0000;16;;;
240309;0000;18;;;
240310;0000;20;;;
240311;0000;11;;;
240312;0000;18;;;
240313;0000;15;;;
240314;0000;19;;;
240315;0000;13;;;
240316;0000;12;;;
240317;0000;12;;;
240318;0000;10;;;
240319;0000;8;;;
240320;0000;11;;;
240321;0000;9;;;
240322;0000;2;;;
240323;0000;5;;;
240324;0000;9;;;
240325;0000;4;;;
240326;0000;10;;;
240327;0000;10;;;
240328;0000;8;;;
240329;0000;14;;;
240330;0000;13;;;
240331;0000;11;;;
240401;0000;11;;;
240402;0000;8;;;
240403;0000;13;;;
240404;0000;15;;;
240405;0000;13;;;
240406;0000;15;;;
240407;0000;14;;;
240408;0000;13;;;
240409;0000;11;;;
240410;0000;5;;;
240411;0000;5;;;
240412;0000;4;;;
240413;0000;4;;;
240414;0000;5;;;
240415;0000;8;;;
240416;0000;13;;;
240417;0000;10;;;
240418;0000;7;;;
240419;0000;14;;;
240420;0000;12;;;
240421;0000;8;;;
240422;0000;5;;;
240423;0000;9;;;
240424;0000;4;;;
240425;0000;11;;;
240426;0000;13;;;
240427;0000;14;;;
240428;0000;14;;;
240429;0000;10;;;
240430;0000;10;;;
240501;0000;9;;;
240502;0000;9;;;
240503;0000;8;;;
240504;0000;11;;;
240505;0000;12;;;
240506;0000;3;;;
240507;0000;6;;;
240508;0000;8;;;
240509;0000;3;;;
240510;0000;5;;;
240511;0000;6;;;
240512;0000;3;;;
240513;0000;6;;;
240514;0000;3;;;
240515;0000;3;;;
240516;0000;4;;;
240517;0000;2;;;
240518;0000;3;;;
240519;0000;6;;;
240520;0000;6;;;
240521;0000;9;;;
240522;0000;11;;;
240523;0000;8;;;
240524;0000;3;;;
240525;0000;4;;;
240526;0000;4;;;
240527;0000;5;;;
240528;0000;4;;;
240529;0000;13;;;
240530;0000;7;;;
240531;0000;3;;;
240601;0000;;9;;
240602;0000;;2;;
240603;0000;;2;;
240604;0000;;1;;
240605;0000;;5;;
240606;0000;;2;;
240607;0000;;2;;
240608;0000;;2;;
240609;0000;;4;;
240610;0000;;2;;
240611;0000;;3;;
240612;0000;;2;;
240613;0000;;5;;
240614;0000;;14;;
240615;0000;;14;;
240616;0000;;7;;
240617;0000;;3;;
240618;0000;;10;;
240619;0000;;11;;
240620;0000;;13;;
240621;0000;;7;;
240622;0000;;3;;
240623;0000;;5;;
240624;0000;;5;;
240625;0000;;12;;
240626;0000;;11;;
240627;0000;;11;;
240628;0000;;11;;
240629;0000;;10;;
240630;0000;;13;;
240701;0000;;11;;
240702;0000;;10;;
240703;0000;;14;;
240704;0000;;12;;
240705;0000;;9;;
240706;0000;;4;;
240707;0000;;7;;
240708;0000;;7;;
240709;0000;;6;;
240710;0000;;11;;
240711;0000;;9;;
240712;0000;;3;;
240713;0000;;2;;
240714;0000;;3;;
240715;0000;;10;;
240716;0000;;11;;
240717;0000;;4;;
240718;0000;;13;;
240719;0000;;13;;
240720;0000;;13;;
240721;0000;;15;;
240722;0000;;14;;
240723;0000;;11;;
240724;0000;;11;;
240725;0000;;14;;
240726;0000;;15;;
240727;0000;;13;;
240728;0000;;13;;
240729;0000;;11;;
240730;0000;;6;;
240731;0000;;2;;
240801;0000;;1;;
240802;0000;;11;;
240803;0000;;14;;
240804;0000;;9;;
240805;0000;;5;;
240806;0000;;7;;
240807;0000;;7;;
240808;0000;;9;;
240809;0000;;11;;
240810;0000;;15;;
240811;0000;;14;;
240812;0000;;12;;
240813;0000;;8;;
240814;0000;;10;;
240815;0000;;13;;
240816;0000;;10;;
240817;0000;;11;;
240818;0000;;7;;
240819;0000;;7;;
240820;0000;;5;;
240821;0000;;4;;
240822;0000;;5;;
240823;0000;;8;;
240824;0000;;9;;
240825;0000;;4;;
240826;0000;;13;;
240827;0000;;11;;
240828;0000;;11;;
240829;0000;;8;;
240830;0000;;7;;
240831;0000;;12;;
240901;0000;;9;;
240902;0000;;11;;
240903;0000;;13;;
240904;0000;;12;;
240905;0000;;12;;
240906;0000;;14;;
240907;0000;;14;;
240908;0000;;13;;
240909;0000;;10;;
240910;0000;;11;;
240911;0000;;12;;
240912;0000;;13;;
240913;0000;;13;;
240914;0000;;12;;
240915;0000;;14;;
240916;0000;;13;;
240917;0000;;11;;
240918;0000;;7;;
240919;0000;;10;;
240920;0000;;11;;
240921;0000;;11;;
240922;0000;;13;;
240923;0000;;14;;
240924;0000;;13;;
240925;0000;;13;;
240926;0000;;13;;
240927;0000;;13;;
240928;0000;;13;;
240929;0000;;17;;
240930;0000;;20;;
241001;0000;;22;;
241002;0000;;24;;
241003;0000;;23;;
241004;0000;;21;;
241005;0000;;18;;
241006;0000;;18;;
241007;0000;;22;;
241008;0000;;20;;
241009;0000;;23;;
241010;0000;;24;;
241011;0000;;23;;
241012;0000;;22;;
241013;0000;;23;;
